МВЗ;Название SAP (40 символов);Название вне SAP (полное);МВП
D100611600;УпрТГК-1-Сбыт Э/Э;"Отдел сбыта (электроэнергия) Управления ОАО ""ТГК-1""";D100
D100611700;УпрТГК-1-Сбыт Т/Э;"Отдел сбыта (тепловая энергия) Управления ОАО ""ТГК-1""";D100
D100650000;УпрТГК-1-Управление;"Управление ОАО""ТГК-1"" (общие)";D100
D100650200;УпрТГК-1-БлАппаратГД;Блок аппарата генерального директора;D100
D100650300;УпрТГК-1-БлПравВопр;Блок по правовым вопросам;D100
D100650400;УпрТГК-1-БлСвязОбщес;Блок по связям с общественностью;D100
D100650500;УпрТГК-1-Адмн-сервБл;Административно-сервисный блок;D100
D100650600;УпрТГК-1-Бл ГО и ЧС;Блок по ГО и ЧС;D100
D100650700;УпрТГК-1-БлРемонтам;Блок по ремонтам;D100
D100650800;УпрТГК-1-БлЭксплуат;Блок по эксплуатации;D100
D100650900;УпрТГК-1-ПроизводБл;Производственный блок;D100
D100651000;УпрТГК-1-БлМетролог;Блок метрологии;D100
D100651100;УпрТГК-1-БлКорпорЗащ;Блок по корпоративной защите;D100
D100651200;УпрТГК-1-БлОплатТруд;Блок по оплате труда;D100
D100651300;УпрТГК-1-БлПодготКад;Блок по подготовке кадров;D100
D100651400;УпрТГК-1-БлСоцТруОтн;Блок социально-трудовых отношений;D100
D100651500;УпрТГК-1-БлРесурсооб;Блок по ресурсообеспечению;D100
D100651600;УпрТГК-1-БлСкладЛог;Блок складской логистики;D100
D100651700;УпрТГК-1-БлТранспорт;Блок по транспорту;D100
D100651800;УпрТГК-1-БлЭкономике;Блок по экономике;D100
D100651900;УпрТГК-1-БлУпрИмущ;Блок управления имуществом;D100
D100652000;УпрТГК-1-БлФинансов;Финансовый блок;D100
D100652100;УпрТГК-1-Бухгалтерия;Бухгалтерия;D100
D100652200;УпрТГК-1-БлРазвитию;Блок по развитию;D100
D100870000;УпрТГК-1-Дирекция КС;Дирекция КС ;D100
D100871200;УпрТГК-1-ДепИнвестиц;Департамент по инвестициям;D100
D200650000;УФНевскх-УпрФилиалом;Управление   Невским филиалом ;D200
D200652300;УФНевскх-ДирПрСис;"Дирекция производственных систем филиала ""Невский""";D200
D200652400;УФНевскх-УчЦентр;"Учебный центр ТГК филиала ""Невский""";D200
D200652500;УФНевскх-ДирСбытТепл;"Дирекция по сбыту тепловой энергии филиала ""Невский""";D200
D200870000;УФНевскх-Дирекция КС;Директора дирекции КАП. Строительства Аппарата УНФ;D200
D202020001;ТЭЦЦентр-ОГ-01 СМ Т1;ОГ №1   (ЭС 3)  Турбина №1 Центральная ТЭЦ;D202
D202020201;ТЭЦЦентр-ОГ-03 СМ Т2;ОГ №3  (ЭС 2)  Турбина №2 Центральная ТЭЦ;D202
D202020301;ТЭЦЦентр-ОГ-04 СМ Т5;ОГ №4  (ЭС 2)  Турбина №5 Центральная ТЭЦ;D202
D202020401;ТЭЦЦентр-ОГ5 СМ ПВК2;ОГ № 5 Котельная (CМ) (ЭС 1) Центральная ТЭЦ;D202
D202020501;ТЭЦЦентр-ОГ6 СМ ПВК1;ОГ № 6 ПВК (ЭС 1) Центральная ТЭЦ;D202
D202020502;ТЭЦЦентр-ОГ-06 НМ, ЭС1, ГТУ-1;ОГ № 6 ГТУ-1 (НМ) (ЭС 1) Центральная ТЭЦ;D202
D202020601;ТЭЦЦентр-ОГ-7 СМ ПК;ОГ №  7 Паровые котлы (ЭС 1) Центральная ТЭЦ;D202
D202020602;ТЭЦЦентр-ОГ-07 НМ, ЭС1, ГТУ-2;ОГ № 7 ГТУ-2 (НМ) (ЭС 1) Центральная ТЭЦ;D202
D202200100;ТЭЦЦентр-КТЦ1 СМ/НМ ЭС;КТЦ-1 СМ и НМ (ЭС 1)  Центральная ТЭЦ;D202
D202200101;ТЭЦЦентр-КТЦ1 СМ ЭС;КТЦ- 1 СМ  (ЭС 1)  Центральная ТЭЦ;D202
D202200110;ТЭЦЦентр-КТЦ1 СМ/НМ Хоз;Затраты на ремонт хозяйственным способом КТЦ- 1 СМ/НМ (ЭС 1)  Центральная ТЭЦ;D202
D202200111;ТЭЦЦентр-КТЦ1 СМ Хоз;Затраты на ремонт хозяйственным способом КТЦ- 1 СМ  (ЭС 1)  Центральная ТЭЦ;D202
D202200201;ТЭЦЦентр-КТЦ2 СМ ЭС;КТЦ-2  СМ  (ЭС 2)  Центральная ТЭЦ;D202
D202200211;ТЭЦЦентр-КТЦ2 СМ Хоз;Затраты на ремонт хозяйственным способом КТЦ- 2  СМ  (ЭС 2)  Центральная ТЭЦ;D202
D202200301;ТЭЦЦентр-КТЦ3 СМ ЭС;КТЦ-3  СМ (ЭС 3) Центральная ТЭЦ;D202
D202200311;ТЭЦЦентр-КТЦ3 СМ Хоз;Затраты на ремонт хозяйственным способом КТЦ- 3 СМ (ЭС 3) Центральная ТЭЦ;D202
D202210000;ТЭЦЦентр-ЭЦ1 СМ/НМ;Электроцех -1 (ЭС 1,3)  СМ/НМ Центральная ТЭЦ;D202
D202210001;ТЭЦЦентр-ЭЦ1 СМ;Электроцех -1 (ЭС 1,3)  СМ  Центральная ТЭЦ;D202
D202210010;ТЭЦЦентр-ЭЦ1 СМ/НМ Хоз;Затраты на ремонт хозяйственным способом Электроцех -1 (ЭС 1,3)  СМ/НМ Центральная ТЭЦ ;D202
D202210011;ТЭЦЦентр-ЭЦ1 СМ Хоз;Затраты на ремонт хозяйственным способом Электроцех -1 (ЭС 1,3)  СМ  Центральная ТЭЦ ;D202
D202210101;ТЭЦЦентр-ЭЦ2 СМ;Электроцех -2  (ЭС 2) СМ Центральная ТЭЦ;D202
D202210111;ТЭЦЦентр-ЭЦ2 СМ Хоз;Затраты на ремонт хозяйственным способом Электроцех -2  (ЭС 2) СМ Центральная ТЭЦ;D202
D202210300;ТЭЦЦентр-ХПВ СМ/НМ;Хим. Подготовленная вода Центральная ТЭЦ;D202
D202210301;ТЭЦЦентр-ХПВ СМ;Хим. Подготовленная вода Центральная ТЭЦ;D202
D202210310;ТЭЦЦентр-ХПВ СМ/НМ Хоз;Затраты на ремонт хозяйственным способом Хим. Подготовленная вода Центральная ТЭЦ;D202
D202210311;ТЭЦЦентр-ХПВ СМ Хоз;Затраты на ремонт хозяйственным способом Хим. Подготовленная вода Центральная ТЭЦ;D202
D202210400;ТЭЦЦентр-ВСН СМ/НМ;Вода на СН Центральная ТЭЦ;D202
D202210401;ТЭЦЦентр-ВСН СМ;Вода на СН Центральная ТЭЦ;D202
D202210500;ТЭЦЦентр-ТепВпар СМ/НМ;Теплоноситель в паре Центральная ТЭЦ ;D202
D202210501;ТЭЦЦентр-ТепВпар СМ;Теплоноситель в паре Центральная ТЭЦ ;D202
D202210501;ТЭЦЦентр-ТепВпар СМ;Теплоноситель в паре Центральная ТЭЦ ;D202
D202210600;ТЭЦЦентр-ТепВвод СМ/НМ;Теплоноситель в воде Центральная ТЭЦ;D202
D202210601;ТЭЦЦентр-ТепВвод СМ;Теплоноситель в воде Центральная ТЭЦ;D202
D202211200;ТЭЦЦентр-ЦТАИ СМ/НМ;Цех тепловой автоматики и измерений (ТАИ) СМ Центральная ТЭЦ;D202
D202211201;ТЭЦЦентр-ЦТАИ СМ;Цех тепловой автоматики и измерений (ТАИ) СМ Центральная ТЭЦ;D202
D202211210;ТЭЦЦентр-ЦТАИ СМ/НМ Хоз;Затраты на ремонт хозяйственным способом Цех тепловой автоматики и измерений (ТАИ) СМ Центральная ТЭЦ;D202
D202211211;ТЭЦЦентр-ЦТАИ СМ Хоз;Затраты на ремонт хозяйственным способом Цех тепловой автоматики и измерений (ТАИ) СМ Центральная ТЭЦ;D202
D202211800;ТЭЦЦентр-Резерв ТМ;Резервирование тепловой мощности Центральная ТЭЦ;D202
D202211900;ТЭЦЦентр-ТТЦ СМ/НМ;Топливно-транспортный цех (ТТЦ) СМ и НМ Центральная ТЭЦ;D202
D202211901;ТЭЦЦентр-ТТЦ СМ;Топливно-транспортный цех (ТТЦ) СМ Центральная ТЭЦ;D202
D202211910;ТЭЦЦентр-ТТЦ СМ/НМ Хоз;Затраты на ремонт хозяйственным способом Топливно-транспортный цех (ТТЦ) СМ и НМ Центральная ТЭЦ ;D202
D202211911;ТЭЦЦентр-ТТЦ СМ Хоз;Затраты на ремонт хозяйственным способом Топливно-транспортный цех (ТТЦ) СМ Центральная ТЭЦ ;D202
D202212100;ТЭЦЦентр-ТехПрис.ЭС;Тех.присоединения к эл. Сетям;D202
D202212200;ТЭЦЦентр-Подк сис ТС;Подключение к системе теплоснабжение;D202
D202212300;ТЭЦЦентр-АРС эксплтц;Аварийно-ремонтная служба (АРС) эксплуатация;D202
D202330200;ТЭЦЦентр-Услуги САТ;Услуги собственного автотранспорта  Центральная ТЭЦ;D202
D202330300;ТЭЦЦентр-УслСвязи;Услуги связи  Центральная ТЭЦ;D202
D202330400;ТЭЦЦентр-Услуги ИВО;Услуги ИВО   Центральная ТЭЦ;D202
D202330500;ТЭЦЦентр-УслПолигр; Услуги полиграфии   Центральная ТЭЦ;D202
D202330600;ТЭЦЦентр-УслСАТ Расп;Услуги собственного автотранспорта РАСПРЕД   Центральная ТЭЦ;D202
D202330700;ТЭЦЦентр-УслСвязРасп;Услуги связи РАСПРЕД  Центральная ТЭЦ;D202
D202330800;ТЭЦЦентр-УслИВО Расп;Услуги ИВО РАСПРЕД   Центральная ТЭЦ;D202
D202330900;ТЭЦЦентр-УслПолиРасп; Услуги полиграфии РАСПРЕД  Центральная ТЭЦ;D202
D202331200;ТЭЦЦентр-АРС;Аварийно-ремонтная служба (АРС);D202
D202331300;ТЭЦЦентр-МЛКиН;Метрологическая лаборатория калибровки и наладки (МЛКиН);D202
D202331400;ТЭЦЦентр-УслСбстРспр;Услуги собственные распределяемые;D202
D202331600;ТЭЦЦентр-ЦЛМСиК;Центральная лаборатория металлов, сварки и контроля (ЦЛМСиК);D202
D202540000;ТЭЦЦентр-ОПР;Общепроизводственные  Центральная ТЭЦ;D202
D202650100;ТЭЦЦентр-УпрТЭС;Руководство   Центральная ТЭЦ;D202
D202870000;ТЭЦЦентр-Дирекция КС;"Дирекция КС Центральная ТЭЦ";D202
D202870100;ТЭЦЦентр-ОКС;Группа КС  Центральная ТЭЦ;D202
D205020001;ТЭЦ05Пра-ОГ-01 СМ;ОГ №1  СМ Правобережная ТЭЦ-5 ;D205
D205020102;ТЭЦ05Пра-ОГ-01 НМ;ОГ №2  НМ Правобережная ТЭЦ-5 ;D205
D205200100;ТЭЦ05Пра-КТЦ;КТЦ Правобережная ТЭЦ-5;D205
D205200110;ТЭЦ05Пра-КТЦ Хоз;Затраты на ремонт хозяйственным способомКТЦ  Правобережная ТЭЦ-5;D205
D205210000;ТЭЦ05Пра-ЭЦ;Электроцех Правобережная ТЭЦ-5;D205
D205210010;ТЭЦ05Пра-ЭЦ Хоз;Затраты на ремонт хозяйственным способом Электроцех Правобережная ТЭЦ-5;D205
D205210300;ТЭЦ05Пра-ХПВ;Хим. Подготовленная вода Правобережная ТЭЦ-5;D205
D205210310;ТЭЦ05Пра-ХПВ Хоз;Затраты на ремонт хозяйственным способомХим. Подготовленная вода Правобережная ТЭЦ-5 ;D205
D205210400;ТЭЦ05Пра-ВСН;Вода на СН  Правобережная ТЭЦ-5;D205
D205210500;ТЭЦ05Пра-ТепВпар;Теплоноситель в паре Правобережная ТЭЦ-5;D205
D205210600;ТЭЦ05Пра-ТепВвод;Теплоноситель в воде Правобережная ТЭЦ-5;D205
D205211200;ТЭЦ05Пра-ЦТАИ;Цех ТАИ  Правобережная ТЭЦ-5 ;D205
D205211210;ТЭЦ05Пра-ЦТАИ Хоз;Затраты на ремонт хозяйственным способом Цех ТАИ  Правобережная ТЭЦ-5;D205
D205211800;ТЭЦ05Пра-Резерв ТМ;Резервирование тепловой мощности Правобережная ТЭЦ-5 ;D205
D205211900;ТЭЦ05Пра-ТТЦ;Топливно-транспортный цех Правобережная ТЭЦ-5;D205
D205211910;ТЭЦ05Пра-ТТЦ Хоз;Затраты на ремонт хозяйственным способом Топливно-транспортный цех Правобережная ТЭЦ-5 ;D205
D205212100;ТЭЦ05Пра-ТехПрис.ЭС;Тех.присоединения к эл. Сетям;D205
D205212200;ТЭЦ05Пра-Подк сис ТС;Подключение к системе теплоснабжение;D205
D205212300;ТЭЦ05Пра-АРС эксплтц;Аварийно-ремонтная служба (АРС) эксплуатация;D205
D205330200;ТЭЦ05Пра-Услуги САТ;Услуги собственного автотранспорта Правобережная ТЭЦ-5;D205
D205330300;ТЭЦ05Пра-УслСвязи;Услуги связи Правобережная ТЭЦ-5  ;D205
D205330400;ТЭЦ05Пра-Услуги ИВО;Услуги ИВО Правобережная ТЭЦ-5;D205
D205330500;ТЭЦ05Пра-УслПолигр; Услуги полиграфии Правобережная ТЭЦ-5 ;D205
D205330600;ТЭЦ05Пра-УслСАТ Расп;Услуги собственного автотранспорта  РАСПРЕД Правобережная ТЭЦ-5;D205
D205330700;ТЭЦ05Пра-УслСвязРасп;Услуги связи РАСПРЕД Правобережная ТЭЦ-5  ;D205
D205330800;ТЭЦ05Пра-УслИВО Расп;Услуги ИВО  РАСПРЕД Правобережная ТЭЦ-5;D205
D205330900;ТЭЦ05Пра-УслПолиРасп; Услуги полиграфии РАСПРЕД Правобережная ТЭЦ-5 ;D205
D205331200;ТЭЦ05Пра-АРС;Аварийно-ремонтная служба (АРС);D205
D205331400;ТЭЦ05Пра-УслСбстРспр;Услуги собственные распределяемые;D205
D205331500;ТЭЦ05Пра-СА и АСУ ТП;Служба автоматизации и АСУ ТП;D205
D205540000;ТЭЦ05Пра-ОПР;Общепроизводственные расходы Правобережная ТЭЦ-5;D205
D205650100;ТЭЦ05Пра-УпрТЭС;Руководство  Правобережная ТЭЦ-5;D205
D205870000;ТЭЦ05Пра-Дирекция КС;Дирекция КС  Правобережная ТЭЦ-5;D205
D205870100;ТЭЦ05Пра-ОКС;Группа капитального строительства ТЭЦ-5;D205
D205870200;ТЭЦ05Пра-ООС;Отдел организации строительства ТЭЦ-5;D205
D205870300;ТЭЦ05Пра-ОТН;Отдел технического надзора ТЭЦ-5;D205
D205960100;ТЭЦ05Пра-ДХУ;Детские хозяйственные учреждения;D205
D205960400;ТЭЦ15Авт-УчМедиц;Медицинские учреждения;D205
D205960600;ТЭЦ15Авт-УчОздоров;Оздоровительные учреждения;D205
D205960700;ТЭЦ15Авт-СХ;Сельское хозяство;D205
D207020001;ТЭЦ07Вас-ОГ-01 СМ №4;ОГ №1 СМ  ПТ-25-90/10 №4 Василеостровская  ТЭЦ-7;D207
D207020102;ТЭЦ07Вас-ОГ-01 НМ №3;ОГ №2 НМ ПТ-60-90/13 №3   Василеостровская  ТЭЦ-7;D207
D207020201;ТЭЦ07Вас-ОГ-01 СМ №5;ОГ №3  СМ Т-50-90 №5  Василеостровская  ТЭЦ-7;D207
D207200100;ТЭЦ07Вас-КТЦ;КТЦ  Василеостровская  ТЭЦ-7;D207
D207200110;ТЭЦ07Вас-КТЦ Хоз;Затраты на ремонт хозяйственным способом КТЦ  Василеостровская  ТЭЦ-7;D207
D207210000;ТЭЦ07Вас-ЭЦ Расп;Электроцех  РАСПРЕД Василеостровская  ТЭЦ-7;D207
D207210010;ТЭЦ07Вас-ЭЦ Расп Хоз;Затраты на ремонт хозяйственным способом Электроцех  РАСПРЕД Василеостровская  ТЭЦ-7;D207
D207210300;ТЭЦ07Вас-ХПВ;Хим. Подготовленная водаТЭЦ-07;D207
D207210310;ТЭЦ07Вас-ХПВ Хоз;Затраты на ремонт хозяйственным способом Хим. Подготовленная вода ТЭЦ-07;D207
D207210400;ТЭЦ07Вас-ВСН;Вода на СН ТЭЦ-07;D207
D207210500;ТЭЦ07Вас-ТепВпар;Теплоноситель в паре ТЭЦ-07;D207
D207210600;ТЭЦ07Вас-ТепВвод;Теплоноситель в воде ТЭЦ-07;D207
D207211200;ТЭЦ07Вас-ЦТАИ Расп;Цех ТАИ  РАСПРЕД  Василеостровская  ТЭЦ-7;D207
D207211210;ТЭЦ07Вас-ЦТАИ Расп Х;Затраты на ремонт хозяйственным способом  Цех ТАИ  РАСПРЕД  Василеостровская  ТЭЦ-7;D207
D207211800;ТЭЦ07Вас-Резерв ТМ;Резервирование тепловой мощности Василеостровская ТЭЦ-7;D207
D207211900;ТЭЦ07Вас-ТТЦ;Топливно-транспортный цех Василеостровская  ТЭЦ-7;D207
D207211910;ТЭЦ07Вас-ТТЦ Хоз;Затраты на ремонт хозяйственным способом Топливно-транспортный цех Василеостровская  ТЭЦ-7;D207
D207212100;ТЭЦ07Вас-ТехПрис.ЭС;Тех.присоединения к эл. Сетям;D207
D207212200;ТЭЦ07Вас-Подк сис ТС;Подключение к системе теплоснабжение;D207
D207212300;ТЭЦ07Вас-АРС эксплтц;Аварийно-ремонтная служба (АРС) эксплуатация;D207
D207330000;ТЭЦ07Вас-АТЦ;Автотранспортный участок Василеостровская  ТЭЦ-7;D207
D207330010;ТЭЦ07Вас-АТЦ Хоз;Затраты на ремонт хозяйственным способом Автотранспортный участок Василеостровская  ТЭЦ-7;D207
D207330100;ТЭЦ07Вас-АТЦ СЗ;Автотранспортный участок Василеостровская  ТЭЦ-7 СЗ;D207
D207330200;ТЭЦ07Вас-Услуги САТ;Услуги собственного автотранспорта Василеостровская  ТЭЦ-7;D207
D207330300;ТЭЦ07Вас-УслСвязи;Услуги связи  Василеостровская  ТЭЦ-7;D207
D207330400;ТЭЦ07Вас-Услуги ИВО;Услуги ИВО  Василеостровская  ТЭЦ-7;D207
D207330500;ТЭЦ07Вас-УслПолигр; Услуги полиграфии  Василеостровская  ТЭЦ-7;D207
D207330600;ТЭЦ07Вас-УслСАТ Расп;Услуги собственного автотранспорта РАСПРЕД  Василеостровская  ТЭЦ-7;D207
D207330700;ТЭЦ07Вас-УслСвязРасп;Услуги связи РАСПРЕД Василеостровская  ТЭЦ-7;D207
D207330800;ТЭЦ07Вас-УслИВО Расп;Услуги ИВО РАСПРЕД  Василеостровская  ТЭЦ-7;D207
D207330900;ТЭЦ07Вас-УслПолиРасп; Услуги полиграфии РАСПРЕД  Василеостровская  ТЭЦ-7;D207
D207331100;ТЭЦ07Вас-АТЦ СЗ Расп;Автотранспортный участок Василеостровкая ТЭЦ-7 - СЗ (РАСПРЕД);D207
D207331200;ТЭЦ07Вас-АРС;Аварийно-ремонтная служба (АРС);D207
D207331400;ТЭЦ07Вас-УслСбстРспр;Услуги собственные распределяемые;D207
D207540000;ТЭЦ07Вас-ОПР;Общепроизводственные Василеостровская  ТЭЦ-7;D207
D207650100;ТЭЦ07Вас-УпрТЭС;Руководство  Василеостровская  ТЭЦ-7;D207
D207870400;ТЭЦ07Вас-ГТПиР;Группа технического перевооружения и реконструкции  Василеостровская  ТЭЦ-7;D207
D207960000;ТЭЦ07Вас-Гостиница;Гостиница;D207
D207960200;ТЭЦ07Вас-ЖХ;Жилищное хозяйство;D207
D208020001;ТЭЦ08Дуб-ОГ-01 СМ;ОГ №1 СМ Дубровская  ТЭЦ-8;D208
D208020101;ТЭЦ08Дуб-ОГ-02 СМ;ОГ №2 СМ Дубровская  ТЭЦ-8;D208
D208020201;ТЭЦ08Дуб-ОГ-03 СМ;ОГ №3 СМ Дубровская  ТЭЦ-8;D208
D208020301;ТЭЦ08Дуб-ОГ-04 СМ;ОГ№4 СМ  Дубровская  ТЭЦ-8 ;D208
D208020401;ТЭЦ08Дуб-ОГ-05 СМ;ОГ№5 СМ  Дубровская  ТЭЦ-8 ;D208
D208200101;ТЭЦ08Дуб-КТЦ СМ;КТЦ Дубровская  ТЭЦ-8;D208
D208200111;ТЭЦ08Дуб-КТЦ СМ Хоз;Затраты на ремонт хозяйственным способом КТЦ Дубровская  ТЭЦ-8-;D208
D208210001;ТЭЦ08Дуб-ЭЦ СМ;Электроцех  Дубровская  ТЭЦ-8 ;D208
D208210011;ТЭЦ08Дуб-ЭЦ СМ Хоз;Затраты на ремонт хозяйственным способом Электроцех  Дубровская  ТЭЦ-8;D208
D208210301;ТЭЦ08Дуб-ХПВ СМ;Хим. Подготовленная вода Дубровская  ТЭЦ-8;D208
D208210311;ТЭЦ08Дуб-ХПВ СМ Хоз;Затраты на ремонт хозяйственным способом Хим. Подготовленная вода Дубровская  ТЭЦ-8 ;D208
D208210401;ТЭЦ08Дуб-ВСН СМ;Вода на СН Дубровская  ТЭЦ-8;D208
D208210501;ТЭЦ08Дуб-ТепВпар СМ;Теплоноситель в паре Дубровская  ТЭЦ-8;D208
D208210601;ТЭЦ08Дуб-ТепВвод СМ;Теплоноситель в воде Дубровская  ТЭЦ-8;D208
D208211201;ТЭЦ08Дуб-ЦТАИ СМ;Цех ТАИ Дубровская  ТЭЦ-8;D208
D208211211;ТЭЦ08Дуб-ЦТАИ СМ Хоз;Затраты на ремонт хозяйственным способом Цех ТАИ Дубровская  ТЭЦ-8;D208
D208211400;ТЭЦ08Дуб-Перед Т/Э;Передача Т/Э  Дубровская  ТЭЦ-8;D208
D208211410;ТЭЦ08Дуб-ПерТ/Э Хоз;Затраты на ремонт хозяйственным способом Передача Т/Э  Дубровская  ТЭЦ-8;D208
D208211800;ТЭЦ08Дуб-Резерв ТМ;Резервирование тепловой мощности Дубровская ТЭЦ-8;D208
D208211901;ТЭЦ08Дуб-ТТЦ СМ;Топливно-транспортный цех Дубровская  ТЭЦ-8;D208
D208211911;ТЭЦ08Дуб-ТТЦ СМ Хоз;Затраты на ремонт хозяйственным способом Топливно-транспортный цех Дубровская  ТЭЦ-8 ;D208
D208212100;ТЭЦ08Дуб-ТехПрис.ЭС;Тех.присоединения к эл. Сетям;D208
D208212200;ТЭЦ08Дуб-Подк сис ТС;Подключение к системе теплоснабжение;D208
D208330000;ТЭЦ08Дуб-АТЦ;Автотранспортный участок Дубровская  ТЭЦ-8;D208
D208330010;ТЭЦ08Дуб-АТЦ Хоз;Затраты на ремонт хозяйственным способом Автотранспортный участок Дубровская  ТЭЦ-8;D208
D208330100;ТЭЦ08Дуб-АТЦ СЗ;Автотранспортный участок Дубровская  ТЭЦ-8 СЗ;D208
D208330200;ТЭЦ08Дуб-Услуги САТ;Услуги собственного автотранспорта Дубровская  ТЭЦ-8;D208
D208330300;ТЭЦ08Дуб-УслСвязи;Услуги связи  Дубровская  ТЭЦ-8;D208
D208330400;ТЭЦ08Дуб-Услуги ИВО;Услуги ИВО  Дубровская  ТЭЦ-8;D208
D208330500;ТЭЦ08Дуб-УслПолигр; Услуги полиграфии  Дубровская  ТЭЦ-8;D208
D208330600;ТЭЦ08Дуб-УслСАТ Расп;Услуги собственного автотранспорта РАСПРЕД  Дубровская  ТЭЦ-8;D208
D208330700;ТЭЦ08Дуб-УслСвязРасп;Услуги связи РАСПРЕД Дубровская  ТЭЦ-8;D208
D208330800;ТЭЦ08Дуб-УслИВО Расп;Услуги ИВО РАСПРЕД  Дубровская  ТЭЦ-8;D208
D208330900;ТЭЦ08Дуб-УслПолиРасп; Услуги полиграфии РАСПРЕД  Дубровская  ТЭЦ-8;D208
D208331100;ТЭЦ08Дуб-АТЦ СЗ Расп;Автотранспортный участок Дубровская ТЭЦ-8 - СЗ (РАСПРЕД);D208
D208331200;ТЭЦ08Дуб-АРС;Аварийно-ремонтная служба (АРС);D208
D208540000;ТЭЦ08Дуб-ОПР;Общепроизводственные Дубровская  ТЭЦ-8;D208
D208650100;ТЭЦ08Дуб-УпрТЭС;Руководство  Дубровская  ТЭЦ-8;D208
D208960500;ТЭЦ08Дуб-Об.питание;Общественное питание;D208
D213020001;НарГЭС13-ОГ-01 СМ;ОГ№1  СМ ГЭС-13 Нарвская;D213
D213020101;НарГЭС13-ОГ-02 СМ;ОГ№2 СМ  ГЭС-13 Нарвская;D213
D213020201;НарГЭС13-ОГ-03 СМ;ОГ№3   СМ ГЭС-13 Нарвская;D213
D213020301;НарГЭС13-ОГ-04 СМ;ОГ№4   СМ ГЭС-13 Нарвская;D213
D213021602;НарГЭС13-ВГ-01 НМ;ВГ №1;D213
D213021702;НарГЭС13-ВГ-02 НМ;ВГ №2;D213
D213201101;НарГЭС13-ГЭС СМ; ГЭС-13 СМ Нарвская;D213
D213201111;НарГЭС13-ГЭС СМ Хоз; Затраты на ремонт хозяйственным способом ГЭС-13 СМ Нарвская ;D213
D213212100;НарГЭС13-ТехПрис.ЭС;Тех.присоединения к эл. Сетям;D213
D213330000;НарГЭС13-АТЦ;Автотранспортный участок ГЭС-13 Нарвская;D213
D213330010;НарГЭС13-АТЦ Хоз;Затраты на ремонт хозяйственным способом Автотранспортный участок ГЭС-13 Нарвская;D213
D213330100;НарГЭС13-АТЦ СЗ;Автотранспортный участок ГЭС-13 Нарвская - СЗ;D213
D213330200;НарГЭС13-Услуги САТ;Услуги собственного автотранспорта ГЭС-13 Нарвская;D213
D213330300;НарГЭС13-УслСвязи;Услуги связи ГЭС-13 Нарвская;D213
D213330400;НарГЭС13-Услуги ИВО;Услуги ИВО ГЭС-13 Нарвская;D213
D213330500;НарГЭС13-УслПолигр; Услуги полиграфии ГЭС-13 Нарвская ;D213
D213330600;НарГЭС13-УслСАТ Расп;Услуги собственного автотранспорта РАСПРЕД ГЭС-13 Нарвская;D213
D213330700;НарГЭС13-УслСвязРасп;Услуги связи РАСПРЕД ГЭС-13 Нарвская;D213
D213330800;НарГЭС13-УслИВО Расп;Услуги ИВО РАСПРЕД ГЭС-13 Нарвская;D213
D213330900;НарГЭС13-УслПолиРасп; Услуги полиграфии РАСПРЕД ГЭС-13 Нарвская ;D213
D213331100;НарГЭС13-АТЦ СЗ Расп;Автотранспортный участок ГЭС-13 Нарвская - СЗ (РАСПРЕД);D213
D213331400;НарГЭС13-УслСбстРспр;Услуги собственные распределяемые;D213
D213540000;НарГЭС13-ОПР;Общепроизводственные ГЭС-13 Нарвская;D213
D213650100;НарГЭС13-УпрГЭС;;D213
D213870100;НарГЭС13-ОКС;Группа КС ГЭС-13;D213
D213960000;НарГЭС13-Гостиница;Гостиница;D213
D214020001;ТЭЦ14Пер-ОГ-01 СМ;ОГ№1 СМ  Первомайская ТЭЦ-14;D214
D214020002;ТЭЦ14Пер-ОГ-01 НМ;ОГ Блок №1 НМ  Первомайская ТЭЦ-14;D214
D214020101;ТЭЦ14Пер-ОГ-02 СМ;ОГ№2  СМ Первомайская ТЭЦ-14;D214
D214020102;ТЭЦ14Пер-ОГ-02 НМ;ОГ Блок №2 НМ Первомайская ТЭЦ-14;D214
D214020201;ТЭЦ14Пер-ОГ-03 СМ;ОГ№3 СМ Первомайская ТЭЦ-14;D214
D214020301;ТЭЦ14Пер-ОГ-04 СМ;ОГ№4  СМ Первомайская ТЭЦ-14;D214
D214020401;ТЭЦ14Пер-ОГ-05 СМ;ОГ№5 СМ Первомайская ТЭЦ-14;D214
D214020601;ТЭЦ14Пер-ОГ-07 СМ;ОГ№7 СМ Первомайская ТЭЦ-14;D214
D214020702;ТЭЦ14Пер-ОГ-01 НМ;ОГ Блок №1 НМ  Первомайская ТЭЦ-14;D214
D214020802;ТЭЦ14Пер-ОГ-02 НМ;ОГ Блок №2  НМ  Первомайская ТЭЦ-14;D214
D214021502;ТЭЦ14Пер-ОГ ОВК НМ;ОГ ОВК НМ Первомайская ТЭЦ-14;D214
D214200101;ТЭЦ14Пер-КТЦ1 СМ;КТЦ-1   Первомайская ТЭЦ-14;D214
D214200102;ТЭЦ14Пер-КТЦ1 НМ;КТЦ-1   Первомайская ТЭЦ-14;D214
D214200111;ТЭЦ14Пер-КТЦ1 СМ Хоз;Затраты на ремонт хозяйственным способом КТЦ-1   Первомайская ТЭЦ-14 ;D214
D214200112;ТЭЦ14Пер-КТЦ1 НМ Хоз;Затраты на ремонт хозяйственным способом КТЦ-1   Первомайская ТЭЦ-14 ;D214
D214200202;ТЭЦ14Пер-КТЦ2 НМ;КТЦ-2  Первомайская ТЭЦ-14;D214
D214200203;ТЭЦ14Пер-КТЦ2 НМ Блок;КТЦ-2  Первомайская ТЭЦ-14;D214
D214200204;ТЭЦ14Пер-КТЦ2 КО НМ ОВК;КТЦ-2 КО Первомайская ТЭЦ-14;D214
D214200212;ТЭЦ14Пер-КТЦ2 НМ Хоз;Затраты на ремонт хозяйственным способом КТЦ-2   Первомайская ТЭЦ-14;D214
D214210001;ТЭЦ14Пер-ЭЦ1 СМ;Электроцех  1 Первомайская ТЭЦ-14;D214
D214210011;ТЭЦ14Пер-ЭЦ1 СМ Хоз;Затраты на ремонт хозяйственным способом Электроцех  1  ;D214
D214210102;ТЭЦ14Пер-ЭЦ2 НМ;Электроцех  2 Первомайская ТЭЦ-14;D214
D214210103;ТЭЦ14Пер-ЭЦ2 НМ Блок;электроцех Первомайская ТЭЦ-14;D214
D214210104;ТЭЦ14Пер-ЭЦ2 НМ ОВК;электроцех Первомайская ТЭЦ-14;D214
D214210112;ТЭЦ14Пер-ЭЦ2 НМ Хоз;Затраты на ремонт хозяйственным способом Электроцех  2  ;D214
D214210113;ТЭЦ14Пер-ЭЦ2 НМ Блок Хоз;Затраты на ремонт хозяйственным способом электроцех  ;D214
D214210114;ТЭЦ14Пер-ЭЦ2 НМ ОВК Хоз;Затраты на ремонт хозяйственным способом электроцех  ;D214
D214210202;ТЭЦ14Пер-ХЦ ХЛ НМ;Химцех ХЛ Первомайская ТЭЦ-14;D214
D214210212;ТЭЦ14Пер-ХЦ ХЛ НМ Хоз;Затраты на ремонт хозяйственным способом Химцех ХЛ;D214
D214210301;ТЭЦ14Пер-1ХПВ СМ;Хим. Подготовленная вода 1 Первомайская ТЭЦ-14;D214
D214210311;ТЭЦ14Пер-1ХПВ СМ Хоз;Затраты на ремонт хозяйственным способом Хим. Подготовленная вода 1  ;D214
D214210401;ТЭЦ14Пер-1ВСН СМ;Вода на СН 1  ТЭЦ-14;D214
D214210501;ТЭЦ14Пер-1ТепВпар СМ;Теплоноситель в паре 1 Первомайская ТЭЦ-14;D214
D214210601;ТЭЦ14Пер-1ТепВвод СМ;Теплоноситель в воде 1 Первомайская ТЭЦ-14;D214
D214210802;ТЭЦ14Пер-2ХПВ НМ;Хим. Подготовленная вода 2 Первомайская ТЭЦ-14;D214
D214210812;ТЭЦ14Пер-ХПВ НМ Хоз;Затраты на ремонт хозяйственным способом Хим. Подготовленная вода;D214
D214210902;ТЭЦ14Пер-2ВСН НМ;Вода на СН 2  ТЭЦ-14;D214
D214211002;ТЭЦ14Пер-ТепВпар НМ;Теплоноситель в паре Первомайская ТЭЦ-14;D214
D214211102;ТЭЦ14Пер-ТепВвод НМ;Теплоноситель в воде Первомайская ТЭЦ-14;D214
D214211201;ТЭЦ14Пер-ЦТАИ1 СМ;Цех ТАИ   1 Первомайская ТЭЦ-14;D214
D214211211;ТЭЦ14Пер-ЦТАИ1СМ Хоз;Затраты на ремонт хозяйственным способом Цех ТАИ 1 ;D214
D214211302;ТЭЦ14Пер-ЦТАИ2 НМ;Цех ТАИ  2  Первомайская ТЭЦ-14;D214
D214211312;ТЭЦ14Пер-ЦТАИ2НМ Хоз;Затраты на ремонт хозяйственным способом Цех ТАИ 2 ;D214
D214211800;ТЭЦ14Пер-Резерв ТМ;Резервирование тепловой мощности Первомайская ТЭЦ-14;D214
D214211901;ТЭЦ14Пер-ТТЦ1 СМ;Топливный-транспортный цех-1  Первомайская ТЭЦ-14;D214
D214211911;ТЭЦ14Пер-ТТЦ1 СМ Хоз;Затраты на ремонт хозяйственным способом Топливный-транспортный цех-1  ;D214
D214212002;ТЭЦ14Пер-СЛИОП НМ;Служба Логистики и Производства  Первомайская ТЭЦ-14;D214
D214212012;ТЭЦ14Пер-СЛИОП НМ Хоз;Затраты на ремонт хозяйственным способом Служба Логистики и Производства;D214
D214212100;ТЭЦ14Пер-ТехПрис.ЭС;Тех.присоединения к эл. Сетям;D214
D214212200;ТЭЦ14Пер-Подк сис ТС;Подключение к системе теплоснабжение;D214
D214212300;ТЭЦ14Пер-АРС эксплтц;Аварийно-ремонтная служба (АРС) эксплуатация;D214
D214212302;ТЭЦ14Пер-ХЦ ХЛ НМ;Химцех ХЛ Первомайская ТЭЦ-14 (хим лаботория);D214
D214212312;ТЭЦ14Пер-ХЦ ХЛ НМ Хоз;Затраты на ремонт хозяйственным способом Химцех ХЛ (хим лаботория);D214
D214330200;ТЭЦ14Пер-Услуги САТ;Услуги собственного автотранспорта Первомайская ТЭЦ-14  ;D214
D214330300;ТЭЦ14Пер-УслСвязи;Услуги связи Первомайская ТЭЦ-14  ;D214
D214330400;ТЭЦ14Пер-Услуги ИВО;Услуги ИВО Первомайская ТЭЦ-14  ;D214
D214330500;ТЭЦ14Пер-УслПолигр; Услуги полиграфии Первомайская ТЭЦ-14  ;D214
D214330600;ТЭЦ14Пер-УслСАТ Расп;Услуги собственного автотранспорта РАСПЕРД Первомайская ТЭЦ-14  ;D214
D214330700;ТЭЦ14Пер-УслСвязРасп;Услуги связи РАСПРЕД Первомайская ТЭЦ-14  ;D214
D214330800;ТЭЦ14Пер-УслИВО Расп;Услуги ИВО РАСПРЕД Первомайская ТЭЦ-14  ;D214
D214330900;ТЭЦ14Пер-УслПолиРасп; Услуги полиграфии РАСПРЕД Первомайская ТЭЦ-14  ;D214
D214331200;ТЭЦ14Пер-АРС;Аварийно-ремонтная служба (АРС);D214
D214331400;ТЭЦ14Пер-УслСбстРспр;Услуги собственные распределяемые;D214
D214540000;ТЭЦ14Пер-ОПР;Общепроизводственные расходы Первомайская ТЭЦ-14;D214
D214650100;ТЭЦ14Пер-УпрТЭС;Руководство Первомайская ТЭЦ-14;D214
D214870000;ТЭЦ14Пер-ДКС;Дирекция по капитальному строительству Первомайская ТЭЦ-14;D214
D214870100;ТЭЦ14Пер-ОКС;ОКС Первомайская ТЭЦ-14;D214
D214870200;ТЭЦ14Пер-ООС;Отдел организации строительства Первомайская ТЭЦ-14;D214
D214870300;ТЭЦ14Пер-ОТН;Отдел технического надзора Первомайская ТЭЦ-14;D214
D214871000;ТЭЦ14Пер-ДСТП;Дирекция по  строительству и технологическим присоединениям (ДСТП);D214
D215020001;ТЭЦ15Авт-ОГ-01 СМ;ОГ №1  СМ Автовская ТЭЦ-15;D215
D215020101;ТЭЦ15Авт-ОГ-02 СМ;ОГ №2   СМ Автовская ТЭЦ-15;D215
D215020201;ТЭЦ15Авт-ОГ-03 СМ;ОГ №3   СМ Автовская ТЭЦ-15;D215
D215020301;ТЭЦ15Авт-ОГ-04 СМ;ОГ №4   СМ Автовская ТЭЦ-15;D215
D215020401;ТЭЦ15Авт-ОГ-05 СМ;ОГ №5   СМ Автовская ТЭЦ-15;D215
D215020501;ТЭЦ15Авт-ОГ-06 СМ;ОГ №6   СМ Автовская ТЭЦ-15;D215
D215020601;ТЭЦ15Авт-ОГ-07 СМ;ОГ №7   СМ Автовская ТЭЦ-15;D215
D215200101;ТЭЦ15Авт-КТЦ СМ;КТЦ Автовская ТЭЦ-15;D215
D215200111;ТЭЦ15Авт-КТЦ СМ Хоз;Затраты на ремонт хозяйственным способом КТЦ Автовская ТЭЦ-15;D215
D215210001;ТЭЦ15Авт-ЭЦ СМ;Электроцех СМ  Автовская ТЭЦ-15;D215
D215210011;ТЭЦ15Авт-ЭЦ СМ Хоз;Затраты на ремонт хозяйственным способом Электроцех СМ  Автовская ТЭЦ-15 ;D215
D215210301;ТЭЦ15Авт-ХПВ СМ;Хим. Подготовленная вода Автовская ТЭЦ-15;D215
D215210311;ТЭЦ15Авт-ХПВ СМ Хоз;Затраты на ремонт хозяйственным способом Хим. Подготовленная вода Автовская ТЭЦ-15 ;D215
D215210401;ТЭЦ15Авт-ВСН СМ;Вода на СН  Автовская ТЭЦ-15;D215
D215210501;ТЭЦ15Авт-ТепВпар СМ;Теплоноситель в паре Автовская ТЭЦ-15;D215
D215210601;ТЭЦ15Авт-ТепВвод СМ;Теплоноситель в воде Автовская ТЭЦ-15;D215
D215211201;ТЭЦ15Авт-ЦТАИ СМ;Цех ТАИ  СМ Автовская ТЭЦ-15;D215
D215211211;ТЭЦ15Авт-ЦТАИ СМ Хоз;Затраты на ремонт хозяйственным способом Цех ТАИ  СМ Автовская ТЭЦ-15 ;D215
D215211800;ТЭЦ15Авт-Резерв ТМ;Резервирование тепловой мощности Автовская ТЭЦ-15;D215
D215211901;ТЭЦ15Авт-ТТЦ СМ;Топливно-транспортный цех Автовская ТЭЦ-15;D215
D215211911;ТЭЦ15Авт-ТТЦ СМ Хоз;Затраты на ремонт хозяйственным способом Топливно-транспортный цех Автовская ТЭЦ-15 ;D215
D215212100;ТЭЦ15Авт-ТехПрис.ЭС;Тех.присоединения к эл. Сетям;D215
D215212200;ТЭЦ15Авт-Подк сис ТС;Подключение к системе теплоснабжение;D215
D215212300;ТЭЦ15Авт-АРС эксплтц;Аварийно-ремонтная служба (АРС) эксплуатация;D215
D215330200;ТЭЦ15Авт-Услуги САТ;Услуги собственного автотранспорта Автовская ТЭЦ-15;D215
D215330300;ТЭЦ15Авт-УслСвязи;Услуги связи Автовская ТЭЦ-15;D215
D215330400;ТЭЦ15Авт-Услуги ИВО;Услуги ИВО Автовская ТЭЦ-15;D215
D215330500;ТЭЦ15Авт-УслПолигр; Услуги полиграфии Автовская ТЭЦ-15;D215
D215330600;ТЭЦ15Авт-УслСАТ Расп;Услуги собственного автотранспорта РАСПРЕД Автовская ТЭЦ-15;D215
D215330700;ТЭЦ15Авт-УслСвязРасп;Услуги связи РАСПРЕД Автовская ТЭЦ-15;D215
D215330800;ТЭЦ15Авт-УслИВО Расп;Услуги ИВО РАСПРЕД Автовская ТЭЦ-15;D215
D215330900;ТЭЦ15Авт-УслПолиРасп; Услуги полиграфии РАСПРЕД Автовская ТЭЦ-15 ;D215
D215331200;ТЭЦ15Авт-АРС;Аварийно-ремонтная служба (АРС);D215
D215331400;ТЭЦ15Авт-УслСбстРспр;Услуги собственные распределяемые;D215
D215540000;ТЭЦ15Авт-ОПР;Общепроизводственные Автовская ТЭЦ-15;D215
D215650100;ТЭЦ15Авт-УпрТЭС;Руководство Автовская ТЭЦ-15;D215
D215870000;ТЭЦ15Авт-ДКС;Дирекция по капитальному строительству Автовская ТЭЦ-15;D215
D215870100;ТЭЦ15Авт-ОКС;Группа КС Автовская ТЭЦ-15;D215
D215960400;ТЭЦ15Авт-УчМедиц;Медицинские учреждения;D215
D215960700;ТЭЦ15Авт-СХ;Сельское хозяство;D215
D215960800;ТЭЦ15Авт-ОК;Оздоровительный комплекс;D215
D215960900;ТЭЦ15Авт-СЗ;Спортивный зал;D215
D215961000;ТЭЦ15Авт-ФП;Футбольное поле;D215
D217020001;ТЭЦ17Выб-ОГ-01 СМ ТГ;ОГ №1 СМ  ТГ  3-х фазного тока   Выборгская ТЭЦ-17;D217
D217020101;ТЭЦ17Выб-ОГ-02 СМ ТГ;ОГ №2  СМ ТГ  3-х фазного тока   Выборгская ТЭЦ-17;D217
D217020201;ТЭЦ17Выб-ОГ-03 СМ ТГ;ОГ №3 СМ ТГ  3-х фазного тока   Выборгская ТЭЦ-17;D217
D217020301;ТЭЦ17Выб-ОГ-04 СМ ТГ;ОГ №4 СМ ТГ  3-х фазного тока   Выборгская ТЭЦ-17;D217
D217020401;ТЭЦ17Выб-ОГ-05 СМ П1;ОГ №5 СМ  ПВК-1   Выборгская ТЭЦ-17;D217
D217020501;ТЭЦ17Выб-ОГ-06 СМ П2;ОГ №6  СМ ПВК-2   Выборгская ТЭЦ-17;D217
D217020601;ТЭЦ17Выб-ОГ-07 СМ П3;ОГ №7  СМ ПВК-3   Выборгская ТЭЦ-17;D217
D217020701;ТЭЦ17Выб-ОГ-08 СМ П4;ОГ №8  СМ ПВК-4   Выборгская ТЭЦ-17;D217
D217020801;ТЭЦ17Выб-ОГ-09 СМ П5;ОГ №9  СМ ПВК-5   Выборгская ТЭЦ-17;D217
D217200101;ТЭЦ17Выб-КТЦ СМ;КТЦ Выборгская ТЭЦ-17;D217
D217200111;ТЭЦ17Выб-КТЦ СМ Хоз;Затраты на ремонт хозяйственным способом КТЦ Выборгская ТЭЦ-17 ;D217
D217210001;ТЭЦ17Выб-ЭЦ СМ;Электроцех СМ Выборгская ТЭЦ-17;D217
D217210011;ТЭЦ17Выб-ЭЦ СМ Хоз;Затраты на ремонт хозяйственным способом Электроцех СМ Выборгская ТЭЦ-17;D217
D217210301;ТЭЦ17Выб-ХПВ СМ;Хим. Подготовленная вода Выборгская ТЭЦ-17;D217
D217210311;ТЭЦ17Выб-ХПВ СМ Хоз;Затраты на ремонт хозяйственным способом Хим. Подготовленная вода Выборгская ТЭЦ-17;D217
D217210401;ТЭЦ17Выб-ВСН СМ;Вода на СН Выборгская ТЭЦ-17;D217
D217210501;ТЭЦ17Выб-ТепВпар СМ;Теплоноситель в паре Выборгская ТЭЦ-17;D217
D217210601;ТЭЦ17Выб-ТепВвод СМ;Теплоноситель в воде Выборгская ТЭЦ-17;D217
D217211201;ТЭЦ17Выб-ЦТАИ СМ;Цех ТАИ  СМ Выборгская ТЭЦ-17;D217
D217211211;ТЭЦ17Выб-ЦТАИ СМ Хоз;Электроцех СМ Выборгская ТЭЦ-17 - Заработная плата на ремонт хозяйственным способом;D217
D217211800;ТЭЦ17Выб-Резерв ТМ;Резервирование тепловой мощности Выборгская ТЭЦ-17;D217
D217212100;ТЭЦ17Выб-ТехПрис.ЭС;Тех.присоединения к эл. Сетям;D217
D217212200;ТЭЦ17Выб-Подк сис ТС;Подключение к системе теплоснабжение;D217
D217212300;ТЭЦ17Выб-АРС эксплтц;Аварийно-ремонтная служба (АРС) эксплуатация;D217
D217330200;ТЭЦ17Выб-Услуги САТ;Услуги собственного автотранспорта Выборгская ТЭЦ-17;D217
D217330300;ТЭЦ17Выб-УслСвязи;Услуги связи Выборгская ТЭЦ-17;D217
D217330400;ТЭЦ17Выб-Услуги ИВО;Услуги ИВО Выборгская ТЭЦ-17;D217
D217330500;ТЭЦ17Выб-УслПолигр; Услуги полиграфии Выборгская ТЭЦ-17;D217
D217330600;ТЭЦ17Выб-УслСАТ Расп;Услуги собственного автотранспорта РАСПРЕД Выборгская ТЭЦ-17;D217
D217330700;ТЭЦ17Выб-УслСвязРасп;Услуги связи РАСПРЕД Выборгская ТЭЦ-17;D217
D217330800;ТЭЦ17Выб-УслИВО Расп;Услуги ИВО РАСПРЕД Выборгская ТЭЦ-17;D217
D217330900;ТЭЦ17Выб-УслПолиРасп; Услуги полиграфии РАСПРЕД Выборгская ТЭЦ-17;D217
D217331200;ТЭЦ17Выб-АРС;Аварийно-ремонтная служба (АРС);D217
D217331400;ТЭЦ17Выб-УслСбстРспр;Услуги собственные распределяемые;D217
D217540000;ТЭЦ17Выб-ОПР;Общепроизводственные Выборгская ТЭЦ-17;D217
D217650100;ТЭЦ17Выб-УпрТЭС;Руководство Выборгская ТЭЦ-17;D217
D217870100;ТЭЦ17Выб-ОКС;Группа КС Выборгская ТЭЦ-17;D217
D217960600;ТЭЦ17Выб-УчОздоров;Оздоровительные учреждения;D217
D206020001;ГЭС06Вол-ОГ-01 СМ;ОГ№1 СМ ГЭС-6 Волховская;D220
D206020101;ГЭС06Вол-ОГ-02 СМ;ОГ№2  СМ ГЭС-6 Волховская;D220
D206020201;ГЭС06Вол-ОГ-03 СМ;ОГ№3 СМ ГЭС-6 Волховская;D220
D206020301;ГЭС06Вол-ОГ-04 СМ;ОГ№4 СМ ГЭС-6 Волховская;D220
D206020401;ГЭС06Вол-ОГ-05 СМ;ОГ№5 СМ ГЭС-6 Волховская;D220
D206020501;ГЭС06Вол-ОГ-06 СМ;ОГ№6  СМ ГЭС-6 Волховская;D220
D206020601;ГЭС06Вол-ОГ-07 СМ;ОГ№7 СМ ГЭС-6 Волховская;D220
D206020701;ГЭС06Вол-ОГ-08 СМ;ОГ№8 СМ ГЭС-6 Волховская;D220
D206020801;ГЭС06Вол-ОГ-09 СМ РГ;ОГ№9  СМ Резервное генерир оборуд  ГЭС-6 Волховская;D220
D206201101;ГЭС06Вол-ГЭС СМ;ГЭС-6 Волховская ;D220
D206201111;ГЭС06Вол-ГЭС СМ Хоз;Затраты на ремонт хозяйственным способом ГЭС-6 Волховская ;D220
D206212100;ГЭС06Вол-ТехПрис.ЭС;Тех.присоединения к эл. Сетям;D220
D206540000;ГЭС06Вол-ОПР;Общепроизводственные расходы ГЭС-6 ;D220
D206650100;ГЭС06Вол-УпрГЭС;Управление ГЭС-6 ;D220
D209020001;ГЭС09Ниж-ОГ-01 СМ;ОГ№1 ГЭС-9 Нижнесвирская;D220
D209020101;ГЭС09Ниж-ОГ-02 СМ;ОГ№2 СМ  ГЭС-9 Нижнесвирская;D220
D209020201;ГЭС09Ниж-ОГ-03 СМ;ОГ№3 СМ ГЭС-9 Нижнесвирская;D220
D209020301;ГЭС09Ниж-ОГ-04 СМ;ОГ№4 ГЭС-9 Нижнесвирская;D220
D209021401;ГЭС09Ниж-ОГ-БР СМ;Бойлер СМ Электрокотельная ГЭС-9 Нижнесвирская;D220
D209201101;ГЭС09Ниж-ГЭС СМ;ГЭС-9 СМ Нижнесвирская;D220
D209201111;ГЭС09Ниж-ГЭС СМ Хоз;Затраты на ремонт хозяйственным способом ГЭС-9 СМ Нижнесвирская ;D220
D209212100;ГЭС09Ниж-ТехПрис.ЭС;Тех.присоединения к эл. Сетям;D220
D209212200;ГЭС09Ниж-Подк сис ТС;Подключение к системе теплоснабжение;D220
D209540000;ГЭС09Ниж-ОПР;Общепроизводственные расходы ГЭС-9;D220
D209650100;ГЭС09Ниж-УпрГЭС;Управление ГЭС-9;D220
D212020001;ГЭС12Вер-ОГ-01 СМ;ОГ№1 СМ ГЭС-12 Верхнесвирская;D220
D212020101;ГЭС12Вер-ОГ-02 СМ;ОГ№2 СМ ГЭС-12 Верхнесвирская;D220
D212020201;ГЭС12Вер-ОГ-03 СМ;ОГ№3 СМ ГЭС-12 Верхнесвирская;D220
D212020301;ГЭС12Вер-ОГ-04 СМ;ОГ№4 СМ ГЭС-12 Верхнесвирская;D220
D212201101;ГЭС12Вер-ГЭС СМ;ГЭС-12 СМ Верхнесвирская;D220
D212201111;ГЭС12Вер-ГЭС СМ Хоз;Затраты на ремонт хозяйственным способом ГЭС-12 СМ Верхнесвирская ;D220
D212212100;ГЭС12Вер-ТехПрис.ЭС;Тех.присоединения к эл. Сетям;D220
D212540000;ГЭС12Вер-ОПР;Общепроизводственные расходы ГЭС-12;D220
D212650100;ГЭС12Вер-УпрГЭС;Общехозяйственные расходы ГЭС-12;D220
D220330000;КдЛадожс-АТЦ;Автотранспортный участок Каскада Ладожских ГЭС;D220
D220330010;КдЛадожс-АТЦ Хоз;Затраты на ремонт хозяйственным способом Автотранспортный участок Каскада Ладожских ГЭС ;D220
D220330100;КдЛадожс-АТЦ СЗ;Автотранспортный участок Каскада Ладожских ГЭС - СЗ;D220
D220330200;КдЛадожс-Услуги САТ;Услуги собственного автотранспорта Каскада Ладожских ГЭС ;D220
D220330300;КдЛадожс-УслСвязи;Услуги связи Каскада Ладожских ГЭС ;D220
D220330400;КдЛадожс-Услуги ИВО;Услуги ИВО Каскада Ладожских ГЭС ;D220
D220330500;КдЛадожс-УслПолигр; Услуги полиграфии Каскада Ладожских ГЭС ;D220
D220330600;КдЛадожс-УслСАТ Расп;Услуги собственного автотранспорта РАСПРЕД Каскада Ладожских ГЭС ;D220
D220330700;КдЛадожс-УслСвязРасп;Услуги связи РАСПРЕД Каскада Ладожских ГЭС ;D220
D220330800;КдЛадожс-УслИВО Расп;Услуги ИВО РАСПРЕД Каскада Ладожских ГЭС ;D220
D220330900;КдЛадожс-УслПолиРасп; Услуги полиграфии РАСПРЕД Каскада Ладожских ГЭС ;D220
D220331100;КдЛадожс-АТЦ СЗ Расп;Автотранспортный участок Каскада Ладожских ГЭС - СЗ (РАСПРЕД);D220
D220331400;КдЛадожс-УслСбстРспр;Услуги собственные распределяемые;D220
D220650000;КдЛадожс-УпрКаскадом;Управление Ладожских ГЭС ;D220
D220870100;КдЛадожс-ОКС;ОКС Каскада  Ладожских ГЭС;D220
D220960000;КдЛадожс-Гостиница;Гостиница;D220
D220960200;КдЛадожс-ЖХ;Жилищное хозяйство;D220
D220960300;КдЛадожс-КХ;Коммунальное хозяйство;D220
D221020001;ТЭЦ21Сев-ОГ-01 СМ;ОГ №1  СМ Северная ТЭЦ-21;D221
D221020101;ТЭЦ21Сев-ОГ-02 СМ;ОГ №2 СМ Северная ТЭЦ-21;D221
D221020201;ТЭЦ21Сев-ОГ-03 СМ;ОГ №3  СМ Северная ТЭЦ-21;D221
D221020301;ТЭЦ21Сев-ОГ-04 СМ;ОГ №4  СМ Северная ТЭЦ-21;D221
D221020401;ТЭЦ21Сев-ОГ-05 СМ;ОГ №5  СМ Северная ТЭЦ-21;D221
D221200101;ТЭЦ21Сев-КТЦ СМ;КТЦ Северная ТЭЦ-21;D221
D221200111;ТЭЦ21Сев-КТЦ СМ Хоз;Затраты на ремонт хозяйственным способом КТЦ Северная ТЭЦ-21;D221
D221210001;ТЭЦ21Сев-ЭЦ СМ;Электроцех СМ Северная ТЭЦ-21;D221
D221210011;ТЭЦ21Сев-ЭЦ СМ Хоз;Затраты на ремонт хозяйственным способом Электроцех СМ Северная ТЭЦ-21;D221
D221210301;ТЭЦ21Сев-ХПВ СМ;Хим. Подготовленная вода Северная ТЭЦ-21;D221
D221210311;ТЭЦ21Сев-ХПВ СМ Хоз;Затраты на ремонт хозяйственным способом Хим. Подготовленная вода Северная ТЭЦ-21;D221
D221210401;ТЭЦ21Сев-ВСН СМ;Вода на СН Северная ТЭЦ-21;D221
D221210501;ТЭЦ21Сев-ТепВпар СМ;Теплоноситель в паре Северная ТЭЦ-21;D221
D221210601;ТЭЦ21Сев-ТепВвод СМ;Теплоноситель в воде Северная ТЭЦ-21;D221
D221211201;ТЭЦ21Сев-ЦТАИ СМ;Цех ТАИ  СМ Северная ТЭЦ-21;D221
D221211211;ТЭЦ21Сев-ЦТАИ СМ Хоз;Затраты на ремонт хозяйственным способом Цех ТАИ  СМ Северная ТЭЦ-21;D221
D221211800;ТЭЦ21Сев-Резерв ТМ;Резервирование тепловой мощности Северная ТЭЦ-21;D221
D221211901;ТЭЦ21Сев-ТТЦ СМ;Топливно-транспортный цех СМ Северная ТЭЦ-21;D221
D221211910;ТЭЦ21Сев-ТТЦ Хоз;Затраты на ремонт хозяйственным способом Топливно-транспортный цех СМ Северная ТЭЦ-21;D221
D221211911;ТЭЦ21Сев-ТТЦ СМ Хоз;Затраты на ремонт хозяйственным способом Топливно-транспортный цех СМ Северная ТЭЦ-21;D221
D221212100;ТЭЦ21Сев-ТехПрис.ЭС;Тех.присоединения к эл. Сетям;D221
D221212200;ТЭЦ21Сев-Подк сис ТС;Подключение к системе теплоснабжение;D221
D221212300;ТЭЦ21Сев-АРС эксплтц;Аварийно-ремонтная служба (АРС) эксплуатация;D221
D221330200;ТЭЦ21Сев-Услуги САТ;Услуги собственного автотранспорта  Северная ТЭЦ-21;D221
D221330300;ТЭЦ21Сев-УслСвязи;Услуги связи  Северная ТЭЦ-21;D221
D221330400;ТЭЦ21Сев-Услуги ИВО;Услуги ИВО  Северная ТЭЦ-21;D221
D221330500;ТЭЦ21Сев-УслПолигр; Услуги полиграфии  Северная ТЭЦ-21;D221
D221330600;ТЭЦ21Сев-УслСАТ Расп;Услуги собственного автотранспорта РАСПРЕД  Северная ТЭЦ-21;D221
D221330700;ТЭЦ21Сев-УслСвязРасп;Услуги связи РАСПРЕД  Северная ТЭЦ-21;D221
D221330800;ТЭЦ21Сев-УслИВО Расп;Услуги ИВО РАСПРЕД  Северная ТЭЦ-21;D221
D221330900;ТЭЦ21Сев-УслПолиРасп; Услуги полиграфии РАСПРЕД  Северная ТЭЦ-21;D221
D221331200;ТЭЦ21Сев-АРС;Аварийно-ремонтная служба (АРС);D221
D221331400;ТЭЦ21Сев-УслСбстРспр;Услуги собственные распределяемые;D221
D221540000;ТЭЦ21Сев-ОПР;Общепроизводственные Северная ТЭЦ-21;D221
D221540100;ТЭЦ21Сев-СлЛогиОбПр;Служба логистики и обеспечения производства;D221
D221650100;ТЭЦ21Сев-УпрТЭС;Руководство  Северная ТЭЦ-21;D221
D221870100;ТЭЦ21Сев-ОКС;Группа КС  Северная ТЭЦ-21;D221
D221960600;ТЭЦ21Сев-УчОздоров;Оздоровительные учреждения;D221
D222020001;ТЭЦ22Южн-ОГ-01 СМ;ОГ №1 СМ  Южная ТЭЦ-22;D222
D222020101;ТЭЦ22Южн-ОГ-02 СМ;ОГ №2  СМ Южная ТЭЦ-22;D222
D222020201;ТЭЦ22Южн-ОГ-03 СМ;ОГ №3 СМ Южная ТЭЦ-22;D222
D222020302;ТЭЦ22Южн-ОГ-04 НМ;ОГ №4 НМ Южная ТЭЦ-22;D222
D222200100;ТЭЦ22Южн-КТЦ;КТЦ Южная ТЭЦ-22;D222
D222200110;ТЭЦ22Южн-КТЦ Хоз;Затраты на ремонт хозяйственным способом КТЦ Южная ТЭЦ-22;D222
D222210000;ТЭЦ22Южн-ЭЦ;Электроцех  Южная ТЭЦ-22;D222
D222210010;ТЭЦ22Южн-ЭЦ Хоз;Затраты на ремонт хозяйственным способом Электроцех  Южная ТЭЦ-22 ;D222
D222210300;ТЭЦ22Южн-ХПВ;Хим. Подготовленная вода Южная ТЭЦ-22 ;D222
D222210310;ТЭЦ22Южн-ХПВ Хоз;Затраты на ремонт хозяйственным способом Хим. Подготовленная вода Южная ТЭЦ-22;D222
D222210400;ТЭЦ22Южн-ВСН;Вода на СН Южная ТЭЦ-22 ;D222
D222210500;ТЭЦ22Южн-ТепВпар;Теплоноситель в паре Южная ТЭЦ-22 ;D222
D222210600;ТЭЦ22Южн-ТепВвод;Теплоноситель в воде Южная ТЭЦ-22 ;D222
D222211200;ТЭЦ22Южн-ЦТАИ;Цех ТАИ Южная ТЭЦ-22;D222
D222211210;ТЭЦ22Южн-ЦТАИ;Затраты на ремонт хозяйственным способом Цех ТАИ Южная ТЭЦ-22 ;D222
D222211800;ТЭЦ22Южн-Резерв ТМ;Резервирование тепловой мощности Южная ТЭЦ-22;D222
D222211900;ТЭЦ22Южн-ТТЦ;Топливно-транспортный цех Южная ТЭЦ-22;D222
D222211910;ТЭЦ22Южн-ТТЦ Хоз;Затраты на ремонт хозяйственным способом Топливно-транспортный цех Южная ТЭЦ-22;D222
D222212100;ТЭЦ22Южн-ТехПрис.ЭС;Тех.присоединения к эл. Сетям;D222
D222212200;ТЭЦ22Южн-Подк сис ТС;Подключение к системе теплоснабжение;D222
D222212300;ТЭЦ22Южн-АРС эксплтц;Аварийно-ремонтная служба (АРС) эксплуатация;D222
D222330000;ТЭЦ22Южн-АТЦ;Автотранспортный участок Южная ТЭЦ-22;D222
D222330010;ТЭЦ22Южн-АТЦ Хоз;Затраты на ремонт хозяйственным способом Автотранспортный участок Южная ТЭЦ-22;D222
D222330100;ТЭЦ22Южн-АТЦ СЗ;Автотранспортный участок Южная ТЭЦ-22 СЗ;D222
D222330200;ТЭЦ22Южн-Услуги САТ;Услуги собственного автотранспорта Южная ТЭЦ-22;D222
D222330300;ТЭЦ22Южн-УслСвязи;Услуги связи  Южная ТЭЦ-22;D222
D222330400;ТЭЦ22Южн-Услуги ИВО;Услуги ИВО  Южная ТЭЦ-22;D222
D222330500;ТЭЦ22Южн-УслПолигр; Услуги полиграфии  Южная ТЭЦ-22;D222
D222330600;ТЭЦ22Южн-УслСАТ Расп;Услуги собственного автотранспорта РАСПРЕД  Южная ТЭЦ-22;D222
D222330700;ТЭЦ22Южн-УслСвязРасп;Услуги связи РАСПРЕД Южная ТЭЦ-22;D222
D222330800;ТЭЦ22Южн-УслИВО Расп;Услуги ИВО РАСПРЕД  Южная ТЭЦ-22;D222
D222330900;ТЭЦ22Южн-УслПолиРасп; Услуги полиграфии РАСПРЕД  Южная ТЭЦ-22;D222
D222331100;ТЭЦ22Южн-АТЦ СЗ Расп;Автотранспортный участок Южная ТЭЦ-22 - СЗ (РАСПРЕД);D222
D222331200;ТЭЦ22Южн-АРС;Аварийно-ремонтная служба (АРС);D222
D222331400;ТЭЦ22Южн-УслСбстРспр;Услуги собственные распределяемые;D222
D222540000;ТЭЦ22Южн-ОПР;Общепроизводственные Южная ТЭЦ-22;D222
D222650100;ТЭЦ22Южн-УпрТЭС;Руководство  Южная ТЭЦ-22;D222
D222870100;ТЭЦ22Южн-ОКС;Группа КС  Южная ТЭЦ-22;D222
D222960500;ТЭЦ22Южн-Об.питание;Общественное питание;D222
D210020002;ГЭС10Лес-ОГ-01 НМ;ОГ№1 НМ ГЭС-10 Лесогорская;D230
D210020102;ГЭС10Лес-ОГ-02 НМ;ОГ№2 НМ ГЭС-10 Лесогорская;D230
D210020202;ГЭС10Лес-ОГ-03 НМ;ОГ№3 НМ ГЭС-10 Лесогорская;D230
D210020302;ГЭС10Лес-ОГ-04 НМ;ОГ№4 НМ ГЭС-10 Лесогорская;D230
D210201102;ГЭС10Лес-ГЭС НМ; ГЭС-10 НМ  Лесогорская;D230
D210201112;ГЭС10Лес-ГЭС НМ Хоз; Затраты на ремонт хозяйственным способом ГЭС-10 НМ  Лесогорская  ;D230
D210212100;ГЭС10Лес-ТехПрис.ЭС;Тех.присоединения к эл. Сетям;D230
D211020002;ГЭС11Све-ОГ-01 НМ;ОГ№1 НМ ГЭС-11 Светогорская;D230
D211020102;ГЭС11Све-ОГ-02 НМ;ОГ№2  НМ ГЭС-11 Светогорская;D230
D211020202;ГЭС11Све-ОГ-03 НМ;ОГ№3  НМ ГЭС-11 Светогорская;D230
D211020302;ГЭС11Све-ОГ-04 НМ;ОГ№4  НМ ГЭС-11 Светогорская;D230
D211201102;ГЭС11Све-ГЭС НМ;ГЭС-11 НМ Светогорская;D230
D211201112;ГЭС11Све-ГЭС НМ Хоз;Затраты на ремонт хозяйственным способом ГЭС-11 НМ Светогорская ;D230
D211212100;ГЭС11Све-ТехПрис.ЭС;Тех.присоединения к эл. Сетям;D230
D230330000;КдВуокси-АТЦ;Автотранспортный участок Каскад-1   Вуоксинских ГЭС;D230
D230330010;КдВуокси-АТЦ Хоз;Затраты на ремонт хозяйственным способом Автотранспортный участок Каскад-1  ;D230
D230330100;КдВуокси-АТЦ СЗ;Автотранспортный участок Каскад-1   Вуоксинских ГЭС - СЗ;D230
D230330200;КдВуокси-Услуги САТ;Услуги собственного автотранспорта Каскад-1   Вуоксинских ГЭС;D230
D230330300;КдВуокси-УслСвязи;Услуги связи Каскад-1   Вуоксинских ГЭС;D230
D230330400;КдВуокси-Услуги ИВО;Услуги ИВО Каскад-1   Вуоксинских ГЭС;D230
D230330500;КдВуокси-УслПолигр; Услуги полиграфии Каскад-1   Вуоксинских ГЭС ;D230
D230330600;КдВуокси-УслСАТ Расп;Услуги собственного автотранспорта РАСПРЕД Каскад-1   Вуоксинских ГЭС;D230
D230330700;КдВуокси-УслСвязРасп;Услуги связи РАСПРЕД Каскад-1   Вуоксинских ГЭС;D230
D230330800;КдВуокси-УслИВО Расп;Услуги ИВО РАСПРЕД Каскад-1   Вуоксинских ГЭС;D230
D230330900;КдВуокси-УслПолиРасп; Услуги полиграфии РАСПРЕД Каскад-1   Вуоксинских ГЭС ;D230
D230331100;КдВуокси-АТЦ СЗ Расп;Автотранспортный участок Каскад-1 - СЗ (РАСПРЕД);D230
D230331400;КдВуокси-УслСбстРспр;Услуги собственные распределяемые;D230
D230540000;КдВуокси-ОПР;Общепроизводственные Каскад-1   Вуоксинских ГЭС ;D230
D230650000;КдВуокси-УпрКаскадом;Управление Каскад-1  Вуоксинских ГЭС;D230
D230870100;КдВуокси-ОКС;ОКС Каскад-1  Вуоксинских ГЭС;D230
D291331000;Предпр  -СДТУиИТ;Предприятие СДТУиИТ;D291
D291331010;Предпр  -СДТУиИТ Хоз;Затраты на ремонт хозяйственным способом Предприятие СДТУиИТ ;D291
D291870100;ПСДТУиИТ-ОКС;Группа КС ПСДТУиИТ;D291
D300650000;УФКарель-УпрФилиалом;Управление  филиала Карельский;D300
D300650200;Сбыт т/э-УФКарел;Сбыт т/э. Управление  филиала Карельский;D300
D300650300;УФКарель-ПодКСисТплс;Петрозаводск. Подключение к системе теплоснабжения;D300
D300870100;УФКарель-ОКС;ОКС;D300
D300960000;УФКарель-Гостиница;Гостиница;D300
D303020001;ГЭС03Мат-ОГ-01 СМ;ОГ№1 СМ ГЭС 3 -Маткожненская  (Выгские ГЭС);D330
D303020101;ГЭС03Мат-ОГ-02 СМ;ОГ№2 СМ  ГЭС 3 -Маткожненская  (Выгские ГЭС);D330
D303020201;ГЭС03Мат-ОГ-03 СМ;ОГ№3 СМ ГЭС 3 -Маткожненская  (Выгские ГЭС);D330
D303201101;ГЭС03Мат-ГЭС СМ;"ГЭС 3  Маткожненская  (Выгские ГЭС)";D330
D303201111;ГЭС03Мат-ГЭС СМ Хоз;ГЭС 3  Маткожненская  (Выгские ГЭС). Затраты на ремонт хозяйственным способом;D330
D303212100;ГЭС03Мат-ТехПрис.ЭС;ГЭС 3. Тех.присоединения к эл. сетям;D330
D305020001;ГЭС05Выг-ОГ-01 СМ;ОГ№1 СМ ГЭС 5 - Выгостровская (Выгские ГЭС);D330
D305020101;ГЭС05Выг-ОГ-02 СМ;ОГ№2  СМ ГЭС 5 - Выгостровская (Выгские ГЭС);D330
D305201101;ГЭС05Выг-ГЭС СМ;ГЭС 5 Выгостровская (Выгские ГЭС);D330
D305201111;ГЭС05Выг-ГЭС СМ Хоз;ГЭС 5 Выгостровская (Выгские ГЭС). Затраты на ремонт хозяйственным способом;D330
D305212100;ГЭС05Выг-ТехПрис.ЭС;ГЭС 5. Тех.присоединения к эл. Сетям;D330
D306020001;ГЭС06Бел-ОГ-01 СМ;ОГ№1 СМ ГЭС 6 - Беломорская  (Выгские ГЭС);D330
D306020101;ГЭС06Бел-ОГ-02 СМ;ОГ№2 СМ ГЭС 6 - Беломорская  (Выгские ГЭС);D330
D306020201;ГЭС06Бел-ОГ-03 СМ;ОГ№3 СМ ГЭС 6 - Беломорская  (Выгские ГЭС);D330
D306201101;ГЭС06Бел-ГЭС СМ;"ГЭС 6  Беломорская  (Выгские ГЭС)  ";D330
D306201111;ГЭС06Бел-ГЭС СМ Хоз;ГЭС 6  Беломорская  (Выгские ГЭС). Затраты на ремонт хозяйственным способом;D330
D306212100;ГЭС06Бел-ТехПрис.ЭС;ГЭС 6. Тех.присоединения к эл. сетям;D330
D307020001;ГЭС07Пал-ОГ-01 СМ;ОГ№1 СМ ГЭС 7- Палакоргская  (Выгские ГЭС) ;D330
D307020101;ГЭС07Пал-ОГ-02 СМ;ОГ№2 СМ ГЭС 7- Палакоргская  (Выгские ГЭС) ;D330
D307020201;ГЭС07Пал-ОГ-03 СМ;ОГ№3 СМ ГЭС 7- Палакоргская  (Выгские ГЭС) ;D330
D307201101;ГЭС07Пал-ГЭС СМ;ГЭС 7- Палакоргская  (Выгские ГЭС) ;D330
D307201111;ГЭС07Пал-ГЭС СМ Хоз;ГЭС 7- Палакоргская  (Выгские ГЭС). Затраты на ремонт хозяйственным способом.;D330
D307212100;ГЭС07Пал-ТехПрис.ЭС;ГЭС 7. Тех.присоединения к эл. сетям;D330
D330330000;КдВыгскх-АТЦ;Автотранспортный участок   Выгских ГЭC   ;D330
D330330010;КдВыгскх-АТЦ Хоз;Автотранспортный участок. Выгские ГЭC. Затраты на ремонт хозяйственным способом;D330
D330540000;КдВыгскх-ОПР;Общепроизводственные Выгских ГЭС;D330
D330650000;КдВыгскх-УпрКаскадом;Управление Выгских ГЭС;D330
D330870100;КВГЭС-ОКС;Группа КС КВГЭС;D330
D309020001;ГЭС09Пут-ОГ-01 СМ;ОГ№1 СМ ГЭС 9- Путкинская (Кемские ГЭС);D340
D309020101;ГЭС09Пут-ОГ-02 СМ;ОГ№2  СМ ГЭС 9- Путкинская (Кемские ГЭС);D340
D309020201;ГЭС09Пут-ОГ-03 СМ;ОГ№3 СМ ГЭС 9- Путкинская (Кемские ГЭС);D340
D309201101;ГЭС09Пут-ГЭС СМ;ГЭС 9  Путкинская (Кемские ГЭС);D340
D309201111;ГЭС09Пут-ГЭС СМ Хоз;ГЭС 9  Путкинская (Кемские ГЭС). Затраты на ремонт хозяйственным способом;D340
D309212100;ГЭС09Пут-ТехПрис.ЭС;ГЭС 9. Тех.присоединения к эл. сетям;D340
D310020001;ГЭС10Под-ОГ-01 СМ;ОГ№1 СМ ГЭС10- Подужемская (Кемские ГЭС);D340
D310020101;ГЭС10Под-ОГ-02 СМ;ОГ№2 СМ ГЭС10- Подужемская (Кемские ГЭС);D340
D310201101;ГЭС10Под-ГЭС СМ;ГЭС10  Подужемская (Кемские ГЭС);D340
D310201111;ГЭС10Под-ГЭС СМ Хоз;ГЭС10  Подужемская (Кемские ГЭС). Затраты на ремонт хозяйственным способом;D340
D310212100;ГЭС10Под-ТехПрис.ЭС;ГЭС 10. Тех.присоединения к эл. сетям;D340
D314020001;ГЭС14Кри-ОГ-01 СМ;ОГ№1 СМ ГЭС 14- Кривопорожская (Кемские ГЭС);D340
D314020101;ГЭС14Кри-ОГ-02 СМ;ОГ№2 СМ ГЭС 14- Кривопорожская (Кемские ГЭС);D340
D314020201;ГЭС14Кри-ОГ-03 СМ;ОГ№3 СМ ГЭС 14- Кривопорожская (Кемские ГЭС);D340
D314020301;ГЭС14Кри-ОГ-04 СМ;ОГ№4 СМ ГЭС 14- Кривопорожская (Кемские ГЭС);D340
D314201101;ГЭС14Кри-ГЭС СМ;ГЭС 14  Кривопорожская (Кемские ГЭС);D340
D314201111;ГЭС14Кри-ГЭС СМ Хоз;ГЭС 14  Кривопорожская (Кемские ГЭС). Затраты на ремонт хозяйственным способом;D340
D314212100;ГЭС14Кри-ТехПрис.ЭС;ГЭС 14. Тех.присоединения к эл. сетям;D340
D316020001;ГЭС16Юшк-ОГ-01 СМ;ОГ№1 СМ ГЭС 16 - Юшкозерская (Кемские ГЭС);D340
D316020101;ГЭС16Юшк-ОГ-02 СМ;ОГ№2 СМ ГЭС 16 - Юшкозерская (Кемские ГЭС);D340
D316201101;ГЭС16Юшк-ГЭС СМ;ГЭС 16  Юшкозерская (Кемские ГЭС);D340
D316201111;ГЭС16Юшк-ГЭС СМ Хоз;ГЭС 16  Юшкозерская (Кемские ГЭС). Затраты на ремонт хозяйственным способом;D340
D316212100;ГЭС16Юшк-ТехПрис.ЭС;ГЭС 16. Тех.присоединения к эл. сетям;D340
D340330000;КдКемскх-АТЦ;Автотранспортный участок  Кемских ГЭС;D340
D340330010;КдКемскх-АТЦ Хоз;Автотранспортный участок. Кемских ГЭС. Затраты на ремонт хозяйственным способом ;D340
D340540000;КдКемскх-ОПР;Общепроизводственные Кемских;D340
D340650000;КдКемскх-УпрКаскадом;Управление Кемских ГЭС;D340
D340870100;ККГЭС-ОКС;Группа КС ККГЭС;D340
D340960000;ККГЭС-Гостиница;Гостиница Каскада Кемских ГЭС;D340
D301020001;ГЭС01Кон-ОГ-01 СМ;ОГ№1 СМ  ГЭС 1 -Кондопожская (СунскиеГЭС);D350
D301020101;ГЭС01Кон-ОГ-02 СМ;ОГ№2 СМ ГЭС 1 -Кондопожская (СунскиеГЭС);D350
D301020201;ГЭС01Кон-ОГ-03 СМ;ОГ№3 СМ ГЭС 1 -Кондопожская (СунскиеГЭС);D350
D301201101;ГЭС01Кон-ГЭС СМ;ГЭС 1  Кондопожская (СунскиеГЭС);D350
D301201111;ГЭС01Кон-ГЭС СМ Хоз;ГЭС 1 Кондопожская (СунскиеГЭС). Затраты на ремонт хозяйственным способом;D350
D301212100;ГЭС01Кон-ТехПрис.ЭС;ГЭС 1. Тех.присоединения к эл. сетям.;D350
D302020001;ГЭС02Пал-ОГ-01 СМ;ОГ№1 СМ ГЭС 2- Пальеозерская (СунскиеГЭС);D350
D302020101;ГЭС02Пал-ОГ-02 СМ;ОГ№2 СМ ГЭС 2- Пальеозерская (СунскиеГЭС);D350
D302201101;ГЭС02Пал-ГЭС СМ;ГЭС 2   Пальеозерская (СунскиеГЭС);D350
D302201111;ГЭС02Пал-ГЭС СМ Хоз;ГЭС 2 Пальеозерская (СунскиеГЭС). Затраты на ремонт хозяйственным способом;D350
D302212100;ГЭС02Пал-ТехПрис.ЭС;ГЭС 2. Тех.присоединения к эл. сетям.;D350
D317020001;ГЭСКасМа-ОГ-01 СМ 19;ОГ№1 СМ (Питкякоски ГЭС№19) Каскад малых ГЭС (Сунские ГЭС) ;D350
D317020101;ГЭСКасМа-ОГ-01 СМ 21;ОГ№1 СМ ( Хямекоски ГЭС№21) Каскад малых ГЭС (Сунские ГЭС) ;D350
D317020201;ГЭСКасМа-ОГ-02 СМ 21;ОГ№2 СМ ( Хямекоски ГЭС№21) Каскад малых ГЭС (Сунские ГЭС);D350
D317020301;ГЭСКасМа-ОГ-03 СМ 21;ОГ№3 СМ ( Хямекоски ГЭС№21) Каскад малых ГЭС (Сунские ГЭС);D350
D317020401;ГЭСКасМа-ОГ-04 СМ 21;ОГ№4 СМ ( Хямекоски ГЭС№21) Каскад малых ГЭС (Сунские ГЭС);D350
D317020501;ГЭСКасМа-ОГ-05 СМ 21;ОГ№5 СМ ( Хямекоски ГЭС№21) Каскад малых ГЭС (Сунские ГЭС);D350
D317020601;ГЭСКасМа-ОГ-01 СМ 22;ОГ№1 СМ ( ХарлуГЭС№22) Каскад малых ГЭС (Сунские ГЭС);D350
D317020701;ГЭСКасМа-ОГ-02 СМ 22;ОГ№2 СМ ( ХарлуГЭС№22) Каскад малых ГЭС (Сунские ГЭС);D350
D317020801;ГЭСКасМа-ОГ-01 СМ 24;ОГ№1 СМ (Пиени-Йоки ГЭС№24) Каскад малых ГЭС (Сунские ГЭС);D350
D317020901;ГЭСКасМа-ОГ-02 СМ 24;ОГ№2 СМ (Пиени-Йоки ГЭС№24) Каскад малых ГЭС (Сунские ГЭС);D350
D317021001;ГЭСКасМа-ОГ-01 СМ 25;ОГ№1 СМ (Суури-Йоки ГЭС№25) Каскад малых ГЭС (Сунские ГЭС);D350
D317021101;ГЭСКасМа-ОГ-02 СМ 25;ОГ№2 СМ (Суури-Йоки ГЭС№25) Каскад малых ГЭС (Сунские ГЭС);D350
D317021201;ГЭСКасМа-ОГ-01 СМ 26;ОГ№1 СМ (Игнойла ГЭС№26) Каскад малых ГЭС (Сунские ГЭС) ;D350
D317201101;ГЭСКасМа-ГЭС СМ;Каскад малых ГЭС (Сунские ГЭС);D350
D317201111;ГЭСКасМа-ГЭС СМ Хоз;Каскад малых ГЭС (Сунские ГЭС). Затраты на ремонт хозяйственным способом;D350
D317212100;ГЭСКасМа-ТехПрис.ЭС;Малые ГЭС. Тех.присоединения к эл. сетям;D350
D350330000;КдСунскх-АТЦ;Автотранспортный участок Сунских ГЭС ;D350
D350330010;КдСунскх-АТЦ Хоз;Автотранспортный участок. Сунские ГЭС. Затраты на ремонт хозяйственным способом;D350
D350540000;КдСунскх-ОПР;Общепроизводственные Сунских ГЭС;D350
D350650000;КдСунскх-УпрКаскадом;Управление Сунских ГЭС;D350
D350870100;КСГЭС-ОКС;Группа КС КСГЭС;D350
D361020001;ТЭЦПетро-ОГ-01 СМ;ОГ№1 СМ Пертозаводская ТЭЦ ;D361
D361020101;ТЭЦПетро-ОГ-02 СМ;ОГ№2 СМ Пертозаводская ТЭЦ;D361
D361020201;ТЭЦПетро-ОГ-03 СМ;ОГ№3 СМ Пертозаводская ТЭЦ;D361
D361200101;ТЭЦПетро-КТЦ СМ;КТЦ. ПТЭЦ ;D361
D361200111;ТЭЦПетро-КТЦ СМ Хоз;КТЦ. ПТЭЦ. Затраты на ремонт хозяйственным способом;D361
D361210001;ТЭЦПетро-ЭЦ СМ;ЭЦ   СМ  Петрозаводская ТЭЦ;D361
D361210011;ТЭЦПетро-ЭЦ СМ Хоз;ЭЦ   СМ. ПТЭЦ. Затраты на ремонт хозяйственным способом ;D361
D361210301;ТЭЦПетро-ХПВ СМ;Хим. подготовленная вода. ПТЭЦ ;D361
D361210311;ТЭЦПетро-ХПВ СМ Хоз;Хим. подготовленная вода. ПТЭЦ. Затраты на ремонт хозяйственным способом ;D361
D361210401;ТЭЦПетро-ВСН СМ;Вода на СН Петрозаводская ТЭЦ ;D361
D361210501;ТЭЦПетро-ТепВпар СМ;Теплоноситель в паре Петрозаводская ТЭЦ ;D361
D361210601;ТЭЦПетро-ТепВвод СМ;Теплоноситель в воде Петрозаводская ТЭЦ ;D361
D361211201;ТЭЦПетро-ЦТАИ СМ;ЦТАИ  СМ. ПТЭЦ;D361
D361211211;ТЭЦПетро-ЦТАИ СМ Хоз;ЦТАИ  СМ. ПТЭЦ. Затраты на ремонт хозяйственным способом ;D361
D361211400;ТЭЦПетро-Перед Т/Э;ЦТС ПТЭЦ;D361
D361211410;ТЭЦПетро-ПерТ/Э Хоз;ЦТС ПТЭЦ. Затраты на ремонт хозяйственным способом;D361
D361211801;ТЭЦПетро-Резерв ТМ;Резервирование тепловой мощности ПТЭЦ;D361
D361211901;ТЭЦПетро-ТТЦ СМ;Топливно-транспортный цех  СМ ПТЭЦ ;D361
D361211911;ТЭЦПетро-ТТЦ СМ Хоз;Топливно-транспортный цех  СМ  ПТЭЦ. Затраты на ремонт хозяйственным способом;D361
D361212100;ТЭЦПетро-ТехПрис.ЭС;Тех.присоединения к эл. сетям ПТЭЦ;D361
D361212200;ТЭЦПетро-Подк сис ТС;Подключение к системе теплоснабжения ПТЭЦ;D361
D361330000;ТЭЦПетро-АТЦ;Автотранспортный участок ПТЭЦ;D361
D361330010;ТЭЦПетро-АТЦ Хоз;Автотранспортный участок ПТЭЦ. Затраты на ремонт хозяйственным способом ;D361
D361540000;ТЭЦПетро-ОПР;Общепроизводственые Петрозаводская ТЭЦ;D361
D361650100;ТЭЦПетро-УпрТЭС;Управление Петрозаводская ТЭЦ;D361
D361870100;ПТЭЦ-ОКС;Группа КС ПТЭЦ;D361
D370023001;КТСиО Вилга;Комплекс КТСиО Вилга-Прионежский район;D370
D370023101;КТСиО Вилга(военгор);Комплекс КТСиО Вилга (военный городок)-Прионежский район;D370
D370023201;КТСиО Деревянка;Комплекс КТСиО Деревянка-Прионежский район;D370
D370023301;КТСиО Деревянное;Комплекс КТСиО Деревянное-Прионежский район;D370
D370023401;КТСиО Заозерье;Комплекс КТСиО Заозерье-Прионежский район;D370
D370023501;КТСиО Кварцитный;Комплекс КТСиО Кварцитный-Прионежский район;D370
D370023601;КТСиО Ладва (ПТУ);Комплекс КТСиО Ладва (ПТУ)-Прионежский район;D370
D370023701;КТСиО Ладва (школа);Комплекс КТСиО Ладва (школа)-Прионежский район;D370
D370023801;КТСиО Новая Вилга;Комплекс КТСиО Новая Вилга-Прионежский район;D370
D370023901;КТСиО Пай;Комплекс КТСиО Пай-Прионежский район;D370
D370024001;КТСиО Педасельга;Комплекс КТСиО Педасельга-Прионежский район;D370
D370024101;КТСиО Рыбрека;Комплекс КТСиО Рыбрека-Прионежский район;D370
D370024201;КТСиО Шелтозеро;Комплекс КТСиО Шелтозеро-Прионежский район;D370
D370024301;Котлн Шелтозеро(шкл);Котельная Шелтозеро (школа)-Прионежский район;D370
D370024401;Котлн Шокша (шкл);Котельная Шокша (школа)-Прионежский район;D370
D370024501;ТС Мелиоративный;ТС Мелиоративный-Прионежский район;D370
D370024601;ТС Новая Вилга;ТС Новая Вилга-Прионежский район;D370
D370024701;ТС Шуя;ТС Шуя-Прионежский район;D370
D370210601;Теплоноситель в воде;Теплоноситель в воде Прионежский район;D370
D370212200;ПодклКСистТеплоснаб;Подключение к системе теплоснабжения;D370
D370650100;УпрвлПрионежскимРайо;Управление Прионежским районом;D370
D380024801;КТСиО Ведлозеро 1;Комплекс КТСиО Ведлозеро 1 - Пряжинский район;D380
D380024901;КТСиО Ведлозеро 2;Комплекс КТСиО Ведлозеро 2 - Пряжинский район;D380
D380025001;КТСиО Крошнозеро 1;Комплекс КТСиО Крошнозеро 1 - Пряжинский район;D380
D380025101;КТСиО Крошнозеро 2;Комплекс КТСиО Крошнозеро 2 - Пряжинский район;D380
D380025201;КТСиО Матросы;Комплекс КТСиО Матросы - Пряжинский район;D380
D380025301;КТСиО Падозеро;Комплекс КТСиО Падозеро - Пряжинский район;D380
D380025401;КТСиО Пряжа 1;Комплекс КТСиО Пряжа 1 - Пряжинский район;D380
D380025501;КТСиО Пряжа 3;Комплекс КТСиО Пряжа 3 - Пряжинский район;D380
D380025601;КТСиО Пряжа 4;Комплекс КТСиО Пряжа 4 - Пряжинский район;D380
D380025701;КТСиО Пряжа 5;Комплекс КТСиО Пряжа 5 - Пряжинский район;D380
D380025801;КТСиО Савиново;Комплекс КТСиО Савиново - Пряжинский район;D380
D380025901;КТСиО Святозеро;Комплекс КТСиО Святозеро - Пряжинский район;D380
D380026001;КТСиО Чална;Комплекс КТСиО Чална - Пряжинский район;D380
D380026101;КТСиО Эссойла 1;Комплекс КТСиО Эссойла 1 - Пряжинский район;D380
D380026201;КТСиО Эссойла 2;Комплекс КТСиО Эссойла 2 - Пряжинский район;D380
D380026301;ТС Эссойла;ТС Эссойла (от котельной №3) - Пряжинский район;D380
D380026401;ЭлктркотльнВедлозеро;Электрокотельная Ведлозеро - Пряжинский район;D380
D380210601;Теплоноситель в воде;Теплоноситель в воде Пряжинский район;D380
D380212200;ПодклКСистТеплоснаб;Подключение к системе теплоснабжения;D380
D380650100;УпрвлПряжинскимРайон;Управление Пряжинским районом;D380
D400650000;УФКольск-УпрФилиалом;Управление филиала Кольский;D400
D400870100;УФКольск-ОКС;ОКС Ф.Кольский;D400
D400960000;УФКольск-Гостиница;Гостиница;D400
D400960200;УФКольск-ЖХ;Жилищное хозяйство;D400
D400960300;УФКольск-КХ;Коммунальное хозяйство;D400
D401020001;ГЭС01Нив-ОГ-01 СМ;ОГ№1  CM ГЭС № 1 (Нивские ГЭС);D420
D401020101;ГЭС01Нив-ОГ-02 СМ;ОГ№2 CM  ГЭС № 1 (Нивские ГЭС);D420
D401201101;ГЭС01Нив-ГЭС СМ;ГЭС -1 СМ (Нивские ГЭС);D420
D401201111;ГЭС01Нив-ГЭС СМ Хоз;Затраты на ремонт хозяйственным способом ГЭС -1 СМ (Нивские ГЭС);D420
D401212100;ГЭС01Нив-ТехПрис.ЭС;Тех.присоединения к эл. Сетям;D420
D402020001;ГЭС02Нив-ОГ-01 СМ;ОГ№1  CM ГЭС№ 2 (Нивские ГЭС);D420
D402020101;ГЭС02Нив-ОГ-02 СМ;ОГ№2   CM ГЭС№ 2 (Нивские ГЭС);D420
D402020201;ГЭС02Нив-ОГ-03 СМ;ОГ№3  CM ГЭС№ 2 (Нивские ГЭС);D420
D402020301;ГЭС02Нив-ОГ-04 СМ;ОГ№4  CM  ГЭС№ 2 (Нивские ГЭС);D420
D402201101;ГЭС02Нив-ГЭС СМ;ГЭС -2 CM (Нивские ГЭС);D420
D402201111;ГЭС02Нив-ГЭС СМ Хоз;Затраты на ремонт хозяйственным способом ГЭС -2 CM (Нивские ГЭС);D420
D402212100;ГЭС02Нив-ТехПрис.ЭС;Тех.присоединения к эл. Сетям;D420
D403020001;ГЭС03Нив-ОГ-01 СМ;ОГ№1  CM ГЭС№3 (Нивские ГЭС);D420
D403020101;ГЭС03Нив-ОГ-02 СМ;ОГ№2  CM ГЭС№3 (Нивские ГЭС);D420
D403020201;ГЭС03Нив-ОГ-03 СМ;ОГ№3  CM ГЭС№3 (Нивские ГЭС);D420
D403020301;ГЭС03Нив-ОГ-04 СМ;ОГ№4  CM ГЭС№ 3 (Нивские ГЭС);D420
D403201101;ГЭС03Нив-ГЭС СМ; ГЭС-3 СМ (Нивские ГЭС);D420
D403201111;ГЭС03Нив-ГЭС СМ Хоз;Затраты на ремонт хозяйственным способом  ГЭС-3 СМ (Нивские ГЭС);D420
D403212100;ГЭС03Нив-ТехПрис.ЭС;Тех.присоединения к эл. Сетям;D420
D409020001;ГЭС09Нив-ОГ-01 СМ;ОГ№1 CM ГЭС№9 (Нивские ГЭС);D420
D409020101;ГЭС09Нив-ОГ-02 СМ;ОГ№2  CM ГЭС№9 (Нивские ГЭС);D420
D409201101;ГЭС09Нив-ГЭС СМ;ГЭС-9 СМ  (Нивские ГЭС);D420
D409201111;ГЭС09Нив-ГЭС СМ Хоз;Затраты на ремонт хозяйственным способом ГЭС-9 СМ  (Нивские ГЭС);D420
D409212100;ГЭС09Нив-ТехПрис.ЭС;Тех.присоединения к эл. Сетям;D420
D410020001;ГЭС10Нив-ОГ-01 СМ;ОГ№1   CM ГЭС№10 (Нивские ГЭС);D420
D410020101;ГЭС10Нив-ОГ-02 СМ;ОГ№2  CM ГЭС№10 (Нивские ГЭС);D420
D410201101;ГЭС10Нив-ГЭС СМ;ГЭС-10 СМ (Нивские ГЭС);D420
D410201111;ГЭС10Нив-ГЭС СМ Хоз;Затраты на ремонт хозяйственным способом ГЭС-10 СМ (Нивские ГЭС);D420
D410212100;ГЭС10Нив-ТехПрис.ЭС;Тех.присоединения к эл. Сетям;D420
D411020001;ГЭС11Нив-ОГ-01 СМ;ОГ№1  CM ГЭС№ 11 (Нивские ГЭС);D420
D411020101;ГЭС11Нив-ОГ-02 СМ;ОГ№2  CM ГЭС№ 11(Нивские ГЭС);D420
D411020201;ГЭС11Нив-ОГ-03 СМ;ОГ№3  CM ГЭС№ 11(Нивские ГЭС) ;D420
D411020301;ГЭС11Нив-ОГ-04 СМ;ОГ№4  CM ГЭС№ 11 (Нивские ГЭС);D420
D411201101;ГЭС11Нив-ГЭС СМ;ГЭС -11СМ (Нивские ГЭС);D420
D411201111;ГЭС11Нив-ГЭС СМ Хоз;Затраты на ремонт хозяйственным способом ГЭС -11СМ (Нивские ГЭС);D420
D411212100;ГЭС11Нив-ТехПрис.ЭС;Тех.присоединения к эл. Сетям;D420
D420212401;КдНивскх-СМ;Эксплутационные расходы Каскада Нивских ГЭС;D420
D420330000;КдНивскх-АТЦ;Автотранспортный участок Каскада Нивских ГЭС;D420
D420330010;КдНивскх-АТЦ Хоз;Затраты на ремонт хозяйственным способом Автотранспортный участок  Нивских ГЭС;D420
D420540000;КдНивскх-ОПР;Общепроизводственные Каскада Нивские ГЭС;D420
D420650000;КдНивскх-УпрКаскадом;Управление Каскада Нивских ГЭС;D420
D420870100;КНГЭС-ОКС;Группа КС КНГЭС;D420
D404020001;ГЭС04Паз-ОГ-01 СМ;ОГ№1 CM ГЭС- 4 (Пазские ГЭС);D430
D404020101;ГЭС04Паз-ОГ-02 СМ;ОГ№2  CM ГЭС- 4 (Пазские ГЭС);D430
D404201101;ГЭС04Паз-ГЭС СМ; ГЭС-4 СМ (Пазские ГЭС);D430
D404201111;ГЭС04Паз-ГЭС СМ Хоз; Затраты на ремонт хозяйственным способом ГЭС-4 СМ (Пазские ГЭС);D430
D404212100;ГЭС04Паз-ТехПрис.ЭС;Тех.присоединения к эл. Сетям;D430
D405020001;ГЭС05Паз-ОГ-01 СМ;ОГ№1   CM ГЭС- 5 (Пазские ГЭС);D430
D405020101;ГЭС05Паз-ОГ-02 СМ;ОГ№2  CM ГЭС- 5 (Пазские ГЭС);D430
D405201101;ГЭС05Паз-ГЭС СМ; ГЭС-5 СМ (Пазские ГЭС);D430
D405201111;ГЭС05Паз-ГЭС СМ Хоз;Затраты на ремонт хозяйственным способом  ГЭС-5 СМ (Пазские ГЭС);D430
D405212100;ГЭС05Паз-ТехПрис.ЭС;Тех.присоединения к эл. Сетям;D430
D406020001;ГЭС06Паз-ОГ-01 СМ;ОГ№1  CM ГЭС№ 6 (Пазские ГЭС);D430
D406020101;ГЭС06Паз-ОГ-02 СМ;ОГ№2  CM ГЭС№ 6 (Пазские ГЭС) ;D430
D406020201;ГЭС06Паз-ОГ-03 СМ;ОГ№3  CM ГЭС№ 6 (Пазские ГЭС);D430
D406021401;ГЭС06Паз-ОГ-БР СМ;ОГБойлер  СМ ГЭС №6 (Пазские ГЭС) ;D430
D406201101;ГЭС06Паз-ГЭС СМ;ГЭС -6 СМ (Пазские ГЭС);D430
D406201111;ГЭС06Паз-ГЭС СМ Хоз;Затраты на ремонт хозяйственным способом ГЭС -6 СМ (Пазские ГЭС);D430
D406212100;ГЭС06Паз-ТехПрис.ЭС;Тех.присоединения к эл. Сетям;D430
D407020001;ГЭС07Паз-ОГ-01 СМ;ОГ№1  CM ГЭС№7  (Пазские ГЭС);D430
D407020101;ГЭС07Паз-ОГ-02 СМ;ОГ№2  CM ГЭС№7  (Пазские ГЭС);D430
D407201101;ГЭС07Паз-ГЭС СМ;ГЭС -7 СМ (Пазские ГЭС);D430
D407201111;ГЭС07Паз-ГЭС СМ Хоз;Затраты на ремонт хозяйственным способом ГЭС -7 СМ (Пазские ГЭС);D430
D407212100;ГЭС07Паз-ТехПрис.ЭС;Тех.присоединения к эл. Сетям;D430
D408020001;ГЭС08Паз-ОГ-01 СМ;ОГ№1  CM ГЭС №8 (Пазские ГЭС);D430
D408020101;ГЭС08Паз-ОГ-02 СМ;ОГ№2 CM ГЭС №8 (Пазские ГЭС);D430
D408201101;ГЭС08Паз-ГЭС СМ;ГЭС-8 СМ (Пазские ГЭС);D430
D408201111;ГЭС08Паз-ГЭС СМ Хоз;Затраты на ремонт хозяйственным способом ГЭС-8 СМ (Пазские ГЭС);D430
D408212100;ГЭС08Паз-ТехПрис.ЭС;Тех.присоединения к эл. Сетям;D430
D408212200;ГЭС08Паз-Подк сис ТС;Подключение к системе теплоснабжения;D430
D430212401;КдПазскх-СМ;Эксплутационные расходы Каскада Пазских ГЭС;D430
D430330010;КдПазскх-АТЦ Хоз;Затраты на ремонт хозяйственным способом Автотранспортный участок Пазских ГЭС;D430
D430540000;КдПазскх-ОПР;Общепроизводственные Каскада Пазских ГЭС;D430
D430650000;КдПазскх-УпрКаскадом;Управление Каскада Пазских ГЭС;D430
D430870100;КПГЭС-ОКС;Группа КС КПГЭС;D430
D430960000;УФКольск-Гостиница;Гостиница;D430
D430960200;УФКольск-ЖХ;Жилищное хозяйство;D430
D430960300;УФКольск-КХ;Коммунальное хозяйство;D430
D412020001;ГЭС12ВТу-ОГ-01 СМ;ОГ№1 СМ ГЭС -12 Верхне - Туломская  (Туломские и Серебрянские ГЭС) ;D440
D412020101;ГЭС12ВТу-ОГ-02 СМ;ОГ№2 СМ ГЭС -12 Верхне - Туломская  (Туломские и Серебрянские ГЭС) ;D440
D412020201;ГЭС12ВТу-ОГ-03 СМ;ОГ№3 СМ  ГЭС -12 Верхне - Туломская  (Туломские и Серебрянские ГЭС) ;D440
D412020301;ГЭС12ВТу-ОГ-04 СМ;ОГ№4 СМ ГЭС -12 Верхне - Туломская  (Туломские и Серебрянские ГЭС) ;D440
D412201101;ГЭС12ВТу-ГЭС СМ;ГЭС -12 СМ Верхне - Туломская   (Туломские и Серебрянские ГЭС) ;D440
D412201111;ГЭС12ВТу-ГЭС СМ Хоз;Затраты на ремонт хозяйственным способом ГЭС -12 СМ Верхне - Туломская (Туломские и Серебрянские ГЭС) ;D440
D412212100;ГЭС12ВТу-ТехПрис.ЭС;Тех.присоединения к эл. Сетям;D440
D412540000;ГЭС12ВТу-ОПР;Общепроизводственные Верхне-Туломской ГЭС (Туломские и Серебрянские ГЭС) ;D440
D413020001;ГЭС13НТу-ОГ-01 СМ;ОГ№1 СМ ГЭС -13 Нижне - Туломская (Туломские и Серебрянские ГЭС) ;D440
D413020101;ГЭС13НТу-ОГ-02 СМ;ОГ№2 СМ ГЭС -13 Нижне - Туломская (Туломские и Серебрянские ГЭС) ;D440
D413020201;ГЭС13НТу-ОГ-03 СМ;ОГ№3  СМ ГЭС -13 Нижне - Туломская (Туломские и Серебрянские ГЭС) ;D440
D413020301;ГЭС13НТу-ОГ-04 СМ;ОГ№4 СМ ГЭС -13 Нижне - Туломская (Туломские и Серебрянские ГЭС) ;D440
D413201101;ГЭС13НТу-ГЭС СМ;ГЭС -13 СМ Нижне - Туломская (Туломские и Серебрянские ГЭС) ;D440
D413201111;ГЭС13НТу-ГЭС СМ Хоз;Затраты на ремонт хозяйственным способом ГЭС -13 СМ Нижне - Туломская (Туломские и Серебрянские ГЭС) ;D440
D413212100;ГЭС13НТу-ТехПрис.ЭС;Тех.присоединения к эл. Сетям;D440
D413540000;ГЭС13НТу-ОПР;Общепроизводственные Нижне-Туломской ГЭС (Туломские и Серебрянские ГЭС) ;D440
D415020001;ГЭС15Сер-ОГ-01 СМ;ОГ№1  CM ГЭС -15 (Туломские и Серебрянские (ГЭС-1)) ;D440
D415020101;ГЭС15Сер-ОГ-02 СМ;ОГ№2  CM ГЭС -15 (Туломские и Серебрянские (ГЭС-1)) ;D440
D415020201;ГЭС15Сер-ОГ-03 СМ;ОГ№3   CM ГЭС -15 (Туломские и Серебрянские (ГЭС-1))  ;D440
D415201101;ГЭС15Сер-ГЭС СМ;ГЭС -15 СМ (Туломские и Серебрянские (ГЭС-1)) ;D440
D415201111;ГЭС15Сер-ГЭС СМ Хоз;Затраты на ремонт хозяйственным способом ГЭС -15 СМ (Туломские и Серебрянские (ГЭС-1)) ;D440
D415212100;ГЭС15Сер-ТехПрис.ЭС;Тех.присоединения к эл. Сетям;D440
D416020001;ГЭС16Сер-ОГ-01 СМ;ОГ№1  CM ГЭС -16 (Туломские и Серебрянские (ГЭС-2))  ;D440
D416020101;ГЭС16Сер-ОГ-02 СМ;ОГ№2  CM ГЭС -16 (Туломские и Серебрянские (ГЭС-2)) ;D440
D416020201;ГЭС16Сер-ОГ-03 СМ;ОГ№3   CM ГЭС -16 (Туломские и Серебрянские (ГЭС-2)) ;D440
D416201101;ГЭС16Сер-ГЭС СМ;ГЭС -16 СМ (Туломские и Серебрянские (ГЭС-2)) ;D440
D416201111;ГЭС16Сер-ГЭС СМ Хоз;Затраты на ремонт хозяйственным способом ГЭС -16 СМ (Туломские и Серебрянские (ГЭС-2)) ;D440
D416212100;ГЭС16Сер-ТехПрис.ЭС;Тех.присоединения к эл. Сетям;D440
D418020001;ГЭС18ВТе-ОГ-01 СМ;ОГ№1 СМ  ГЭС -18 Верхне - Териберская (Туломские и Серебрянские) ;D440
D418201101;ГЭС18ВТе-ГЭС СМ;ГЭС -18 СМ Верхне - Териберская (Туломские и Серебрянские) ;D440
D418201111;ГЭС18ВТе-ГЭС СМ Хоз;Затраты на ремонт хозяйственным способом ГЭС -18 СМ Верхне - Териберская (Туломские и Серебрянские)  ;D440
D418212100;ГЭС18ВТе-ТехПрис.ЭС;Тех.присоединения к эл. Сетям ГЭС -18 СМ Верхне - Териберская (Туломские и Серебрянские);D440
D419020001;ГЭС19НТе-ОГ-02 СМ;ОГ№2 СМ ГЭС -19 Нижне - Териберская (Туломские и Серебрянские) ;D440
D419201101;ГЭС19НТе-ГЭС СМ;ГЭС -19 СМ Нижне - Териберская (Туломские и Серебрянские) ;D440
D419201111;ГЭС19НТе-ГЭС СМ Хоз;Затраты на ремонт хозяйственным способом ГЭС -19 СМ Нижне - Териберская (Туломские и Серебрянские) ;D440
D419212100;ГЭС19НТе-ТехПрис.ЭС;Тех.присоединения к эл. Сетям ГЭС -19 Нижне - Териберская (Туломские и Серебрянские) ;D440
D440212401;КдСерТул-СМ;Эксплутационные расходы Каскада Туломских ГЭС и Серебрянских ГЭС;D440
D440330010;КдСерТул-АТЦ Хоз;Затраты на ремонт хозяйственным способом Автотранспортный участок  Каскада Туломских ГЭС и Серебрянских ГЭС;D440
D440540000;КдСерТул-ОПР;Общепроизводственные Каскада Туломских ГЭС и Серебрянских ГЭС;D440
D440650000;КдСерТул-УпрКаскадом;Управление Каскада Туломских ГЭС и Серебрянских ГЭС;D440
D440870100;КТСГЭС-ОКС;Группа КС КТСГЭС;D440
D440871100;КТСГЭС-ОКС2;Группа КС КТСГЭС2 для отнесения затрат на отдельный приоритетный проект на Верхне-Туломской ГЭС;D440
D461020001;ТЭЦАпати-ОГ-01 СМ;ОГ№1 СМ Апатитская ТЭЦ;D461
D461020101;ТЭЦАпати-ОГ-02 СМ;ОГ№2 СМ Апатитская ТЭЦ;D461
D461020201;ТЭЦАпати-ОГ-03 СМ;ОГ№3 СМ Апатитская ТЭЦ;D461
D461020301;ТЭЦАпати-ОГ-04 СМ;ОГ№4  СМ Апатитская ТЭЦ;D461
D461020401;ТЭЦАпати-ОГ-05 СМ;ОГ№5  СМ Апатитская ТЭЦ  ;D461
D461020501;ТЭЦАпати-ОГ-06 СМ;ОГ№6   СМ Апатитская ТЭЦ;D461
D461020601;ТЭЦАпати-ОГ-07 СМ;ОГ№7   СМ Апатитская ТЭЦ;D461
D461020701;ТЭЦАпати-ОГ-08 СМ;ОГ№8   СМ Апатитская ТЭЦ;D461
D461200101;ТЭЦАпати-КТЦ СМ;КТЦ СМ Апатитская ТЭЦ;D461
D461200111;ТЭЦАпати-КТЦ СМ Хоз;Затраты на ремонт хозяйственным способом КТЦ СМ Апатитская ТЭЦ;D461
D461210001;ТЭЦАпати-ЭЦ СМ;Электроцех  СМ Апатитская ТЭЦ;D461
D461210011;ТЭЦАпати-ЭЦ СМ Хоз;Затраты на ремонт хозяйственным способом Электроцех  СМ Апатитская ТЭЦ;D461
D461210301;ТЭЦАпати-ХПВ СМ; Хим.подготовленная вода  Апатитская ТЭЦ  ;D461
D461210311;ТЭЦАпати-ХПВ СМ Хоз; Затраты на ремонт хозяйственным способом Хим.подготовленная вода  Апатитская ТЭЦ;D461
D461210401;ТЭЦАпати-ВСН СМ;Вода на СН Апатитская ТЭЦ;D461
D461210501;ТЭЦАпати-ТепВпар СМ;Теплоноситель в паре Апатитская ТЭЦ;D461
D461210601;ТЭЦАпати-ТепВвод СМ;Теплоноситель в воде Апатитская ТЭЦ;D461
D461211201;ТЭЦАпати-ЦТАИ СМ;Цех ТАИ  СМ Апатитская ТЭЦ;D461
D461211211;ТЭЦАпати-ЦТАИ СМ Хоз;Затраты на ремонт хозяйственным способом Цех ТАИ  СМ Апатитская ТЭЦ;D461
D461211400;ТЭЦАпати-Перед Т/Э;Передача Т/Э Апатитская ТЭЦ;D461
D461211410;ТЭЦАпати-ПерТ/Э Хоз;;D461
D461211700;ТЭЦАпати-Сбыт Т/Э;Отдел сбыта (тепловая энергия) Апатитская ТЭЦ;D461
D461211800;ТЭЦАпати-Резерв ТМ;Резервирование тепловой мощности Апатитская ТЭЦ;D461
D461211901;ТЭЦАпати-ТТЦ СМ;Топливно-транспортный цех  СМ Апатитская ТЭЦ;D461
D461211911;ТЭЦАпати-ТТЦ СМ Хоз;Затраты на ремонт хозяйственным способом Топливно-транспортный цех СМ Апатитская ТЭЦ ;D461
D461212100;ТЭЦАпати-ТехПрис.ЭС;Тех.присоединения к эл. Сетям Апатитская ТЭЦ;D461
D461212200;ТЭЦАпати-Подк сис ТС;Подключение к системе теплоснабжения Апатитская ТЭЦ;D461
D461212300;ТЭЦАпати-АРС эксплтц;Аварийно-ремонтная служба (АРС) эксплуатация;D461
D461330000;ТЭЦАпати-АТЦ;Автотранспортный участок  Апатитская ТЭЦ ;D461
D461330010;ТЭЦАпати-АТЦ Хоз;Затраты на ремонт хозяйственным способом Автотранспортный участок  Апатитская ТЭЦ ;D461
D461331200;ТЭЦАпати-АРС;Аварийно-ремонтная служба Апатитская ТЭЦ;D461
D461540000;ТЭЦАпати-ОПР;Общепроизводственные  Апатитская ТЭЦ (Участок СДТУ);D461
D461650100;ТЭЦАпати-УпрТЭЦ;Руководство Апатитской ТЭЦ;D461
D461870100;АТЭЦ-ОКС;Группа КС АТЭЦ;D461