ПФМ;Название;4;5
D;ТГК-1;;
D100;Управление ПАО ТГК-1;;
D10001;Апп. ГД(УпрТГК-1);;
D10002;ПравВопр(УпрТГК-1);;
D10003;СвязОбщ.(УпрТГК-1);;
D10004;АдмСерв(УпрТГК-1);;
D10005;ГО и ЧС(УпрТГК-1);;
D10006;Ремонт.(УпрТГК-1);;
D10007;Эксплуат.(УпрТГК-1);;
D10008;Произв.(УпрТГК-1);;
D10009;Метролог(УпрТГК-1);;
D10010;СбытТЭ(УпрТГК-1);;
D10011;СбытЭЭ(УпрТГК-1);;
D10012;КорпЗащит(УпрТГК-1);;
D10013;ОплТруда(УпрТГК-1);;
D10014;ПодгКадр(УпрТГК-1);;
D10015;Соц-труд(УпрТГК-1);;
D10016;Ресурсооб(УпрТГК-1);;
D10017;СкладЛог(УпрТГК-1);;
D10018;Транспорт(УпрТГК-1);;
D10019;Эконом. (УпрТГК-1);;
D10020;УпрИмущ(УпрТГК-1);;
D10021;Финансы(УпрТГК-1);;
D10022;Бухгалт.(УпрТГК-1);;
D10023;Развитие(УпрТГК-1);;
D10024;КапСтрой(УпрТГК-1);;
D10025;Тех(УпрТГК-1);;
D200;"Апп.управ.""Невский""";;
D20001;Апп. ГД(Невский);;
D20002;ПравВопр(Невский);;
D20003;СвязОбщ.(Невский);;
D20004;АдмСерв(Невский);;
D20005;ГО и ЧС(Невский);;
D20006;Ремонт.(Невский);;
D20007;Эксплуат.(Невский);;
D20008;Произв.(Невский);;
D20009;Метролог(Невский);;
D20010;СбытТЭ(Невский);;
D20011;СбытЭЭ(Невский);;
D20012;КорпЗащит(Невский);;
D20013;ОплТруда(Невский);;
D20014;ПодгКадр(Невский);;
D20015;Соц-труд(Невский);;
D20016;Ресурсооб(Невский);;
D20017;СкладЛог(Невский);;
D20018;Транспорт(Невский);;
D20019;Эконом. (Невский);;
D20020;УпрИмущ(Невский);;
D20021;Финансы(Невский);;
D20022;Бухгалт.(Невский);;
D20023;Развитие(Невский);;
D20024;КапСтрой(Невский);;
D20025;Тех(Невский);;
D202;ЦТЭЦ 2 Центральная;;
D20201;Апп. ГД(ЦТЭЦ 2);;
D20202;ПравВопр(ЦТЭЦ 2);;
D20203;СвязОбщ.(ЦТЭЦ 2);;
D20204;АдмСерв(ЦТЭЦ 2);;
D20205;ГО и ЧС(ЦТЭЦ 2);;
D20206;Ремонт.(ЦТЭЦ 2);;
D20207;Эксплуат.(ЦТЭЦ 2);;
D20208;Произв.(ЦТЭЦ 2);;
D20209;Метролог(ЦТЭЦ 2);;
D20210;СбытТЭ(ЦТЭЦ 2);;
D20211;СбытЭЭ(ЦТЭЦ 2);;
D20212;КорпЗащит(ЦТЭЦ 2);;
D20213;ОплТруда(ЦТЭЦ 2);;
D20214;ПодгКадр(ЦТЭЦ 2);;
D20215;Соц-труд(ЦТЭЦ 2);;
D20216;Ресурсооб(ЦТЭЦ 2);;
D20217;СкладЛог(ЦТЭЦ 2);;
D20218;Транспорт(ЦТЭЦ 2);;
D20219;Эконом. (ЦТЭЦ 2);;
D20220;УпрИмущ(ЦТЭЦ 2);;
D20221;Финансы(ЦТЭЦ 2);;
D20222;Бухгалт.(ЦТЭЦ 2);;
D20223;Развитие(ЦТЭЦ 2);;
D20224;КапСтрой(ЦТЭЦ 2);;
D20225;Тех(ЦТЭЦ 2);;
D205;ТЭЦ 5 Правобережная;;
D20501;Апп. ГД(ТЭЦ 5);;
D20502;ПравВопр(ТЭЦ 5);;
D20503;СвязОбщ.(ТЭЦ 5);;
D20504;АдмСерв(ТЭЦ 5);;
D20505;ГО и ЧС(ТЭЦ 5);;
D20506;Ремонт.(ТЭЦ 5);;
D20507;Эксплуат.(ТЭЦ 5);;
D20508;Произв.(ТЭЦ 5);;
D20509;Метролог(ТЭЦ 5);;
D20510;СбытТЭ(ТЭЦ 5);;
D20511;СбытЭЭ(ТЭЦ 5);;
D20512;КорпЗащит(ТЭЦ 5);;
D20513;ОплТруда(ТЭЦ 5);;
D20514;ПодгКадр(ТЭЦ 5);;
D20515;Соц-труд(ТЭЦ 5);;
D20516;Ресурсооб(ТЭЦ 5);;
D20517;СкладЛог(ТЭЦ 5);;
D20518;Транспорт(ТЭЦ 5);;
D20519;Эконом. (ТЭЦ 5);;
D20520;УпрИмущ(ТЭЦ 5);;
D20521;Финансы(ТЭЦ 5);;
D20522;Бухгалт.(ТЭЦ 5);;
D20523;Развитие(ТЭЦ 5);;
D20524;КапСтрой(ТЭЦ 5);;
D20525;Тех(ТЭЦ 5);;
D207;ТЭЦ 7 Василеостровск;;
D20701;Апп. ГД(ТЭЦ 7 );;
D20702;ПравВопр(ТЭЦ 7 );;
D20703;СвязОбщ.(ТЭЦ 7 );;
D20704;АдмСерв(ТЭЦ 7 );;
D20705;ГО и ЧС(ТЭЦ 7 );;
D20706;Ремонт.(ТЭЦ 7 );;
D20707;Эксплуат.(ТЭЦ 7 );;
D20708;Произв.(ТЭЦ 7 );;
D20709;Метролог(ТЭЦ 7 );;
D20710;СбытТЭ(ТЭЦ 7 );;
D20711;СбытЭЭ(ТЭЦ 7 );;
D20712;КорпЗащит(ТЭЦ 7 );;
D20713;ОплТруда(ТЭЦ 7 );;
D20714;ПодгКадр(ТЭЦ 7 );;
D20715;Соц-труд(ТЭЦ 7 );;
D20716;Ресурсооб(ТЭЦ 7 );;
D20717;СкладЛог(ТЭЦ 7 );;
D20718;Транспорт(ТЭЦ 7 );;
D20719;Эконом. (ТЭЦ 7 );;
D20720;УпрИмущ(ТЭЦ 7 );;
D20721;Финансы(ТЭЦ 7 );;
D20722;Бухгалт.(ТЭЦ 7 );;
D20723;Развитие(ТЭЦ 7 );;
D20724;КапСтрой(ТЭЦ 7 );;
D20725;Тех(ТЭЦ 7 );;
D208;ТЭЦ 8 Дубровская;;
D20801;Апп. ГД(ТЭЦ 8);;
D20802;ПравВопр(ТЭЦ 8);;
D20803;СвязОбщ.(ТЭЦ 8);;
D20804;АдмСерв(ТЭЦ 8);;
D20805;ГО и ЧС(ТЭЦ 8);;
D20806;Ремонт.(ТЭЦ 8);;
D20807;Эксплуат.(ТЭЦ 8);;
D20808;Произв.(ТЭЦ 8);;
D20809;Метролог(ТЭЦ 8);;
D20810;СбытТЭ(ТЭЦ 8);;
D20811;СбытЭЭ(ТЭЦ 8);;
D20812;КорпЗащит(ТЭЦ 8);;
D20813;ОплТруда(ТЭЦ 8);;
D20814;ПодгКадр(ТЭЦ 8);;
D20815;Соц-труд(ТЭЦ 8);;
D20816;Ресурсооб(ТЭЦ 8);;
D20817;СкладЛог(ТЭЦ 8);;
D20818;Транспорт(ТЭЦ 8);;
D20819;Эконом. (ТЭЦ 8);;
D20820;УпрИмущ(ТЭЦ 8);;
D20821;Финансы(ТЭЦ 8);;
D20822;Бухгалт.(ТЭЦ 8);;
D20823;Развитие(ТЭЦ 8);;
D20824;КапСтрой(ТЭЦ 8);;
D20825;Тех(ТЭЦ 8);;
D213;ГЭС 13 Нарвская;;
D21301;Апп. ГД(ГЭС 13);;
D21302;ПравВопр(ГЭС 13);;
D21303;СвязОбщ.(ГЭС 13);;
D21304;АдмСерв(ГЭС 13);;
D21305;ГО и ЧС(ГЭС 13);;
D21306;Ремонт.(ГЭС 13);;
D21307;Эксплуат.(ГЭС 13);;
D21308;Произв.(ГЭС 13);;
D21309;Метролог(ГЭС 13);;
D21310;СбытТЭ(ГЭС 13);;
D21311;СбытЭЭ(ГЭС 13);;
D21312;КорпЗащит(ГЭС 13);;
D21313;ОплТруда(ГЭС 13);;
D21314;ПодгКадр(ГЭС 13);;
D21315;Соц-труд(ГЭС 13);;
D21316;Ресурсооб(ГЭС 13);;
D21317;СкладЛог(ГЭС 13);;
D21318;Транспорт(ГЭС 13);;
D21319;Эконом. (ГЭС 13);;
D21320;УпрИмущ(ГЭС 13);;
D21321;Финансы(ГЭС 13);;
D21322;Бухгалт.(ГЭС 13);;
D21323;Развитие(ГЭС 13);;
D21324;КапСтрой(ГЭС 13);;
D21325;Технический (ГЭС 13;;
D214;ТЭЦ 14 Первомайская;;
D21401;Апп. ГД(ТЭЦ 14);;
D21402;ПравВопр(ТЭЦ 14);;
D21403;СвязОбщ.(ТЭЦ 14);;
D21404;АдмСерв(ТЭЦ 14);;
D21405;ГО и ЧС(ТЭЦ 14);;
D21406;Ремонт.(ТЭЦ 14);;
D21407;Эксплуат.(ТЭЦ 14);;
D21408;Произв.(ТЭЦ 14);;
D21409;Метролог(ТЭЦ 14);;
D21410;СбытТЭ(ТЭЦ 14);;
D21411;СбытЭЭ(ТЭЦ 14);;
D21412;КорпЗащит(ТЭЦ 14);;
D21413;ОплТруда(ТЭЦ 14);;
D21414;ПодгКадр(ТЭЦ 14);;
D21415;Соц-труд(ТЭЦ 14);;
D21416;Ресурсооб(ТЭЦ 14);;
D21417;СкладЛог(ТЭЦ 14);;
D21418;Транспорт(ТЭЦ 14);;
D21419;Эконом. (ТЭЦ 14);;
D21420;УпрИмущ(ТЭЦ 14);;
D21421;Финансы(ТЭЦ 14);;
D21422;Бухгалт.(ТЭЦ 14);;
D21423;Развитие(ТЭЦ 14);;
D21424;КапСтрой(ТЭЦ 14);;
D21425;Тех(ТЭЦ 14);;
D215;ТЭЦ 15 Автовская;;
D21501;Апп. ГД(ТЭЦ 15 );;
D21502;ПравВопр(ТЭЦ 15 );;
D21503;СвязОбщ.(ТЭЦ 15 );;
D21504;АдмСерв(ТЭЦ 15 );;
D21505;ГО и ЧС(ТЭЦ 15 );;
D21506;Ремонт.(ТЭЦ 15 );;
D21507;Эксплуат.(ТЭЦ 15 );;
D21508;Произв.(ТЭЦ 15 );;
D21509;Метролог(ТЭЦ 15 );;
D21510;СбытТЭ(ТЭЦ 15 );;
D21511;СбытЭЭ(ТЭЦ 15 );;
D21512;КорпЗащит(ТЭЦ 15 );;
D21513;ОплТруда(ТЭЦ 15 );;
D21514;ПодгКадр(ТЭЦ 15 );;
D21515;Соц-труд(ТЭЦ 15 );;
D21516;Ресурсооб(ТЭЦ 15 );;
D21517;СкладЛог(ТЭЦ 15 );;
D21518;Транспорт(ТЭЦ 15 );;
D21519;Эконом. (ТЭЦ 15 );;
D21520;УпрИмущ(ТЭЦ 15 );;
D21521;Финансы(ТЭЦ 15 );;
D21522;Бухгалт.(ТЭЦ 15 );;
D21523;Развитие(ТЭЦ 15 );;
D21524;КапСтрой(ТЭЦ 15 );;
D21525;Тех(ТЭЦ 15 );;
D217;ТЭЦ 17 Выборгская;;
D21701;Апп. ГД(ТЭЦ 17);;
D21702;ПравВопр(ТЭЦ 17);;
D21703;СвязОбщ.(ТЭЦ 17);;
D21704;АдмСерв(ТЭЦ 17);;
D21705;ГО и ЧС(ТЭЦ 17);;
D21706;Ремонт.(ТЭЦ 17);;
D21707;Эксплуат.(ТЭЦ 17);;
D21708;Произв.(ТЭЦ 17);;
D21709;Метролог(ТЭЦ 17);;
D21710;СбытТЭ(ТЭЦ 17);;
D21711;СбытЭЭ(ТЭЦ 17);;
D21712;КорпЗащит(ТЭЦ 17);;
D21713;ОплТруда(ТЭЦ 17);;
D21714;ПодгКадр(ТЭЦ 17);;
D21715;Соц-труд(ТЭЦ 17);;
D21716;Ресурсооб(ТЭЦ 17);;
D21717;СкладЛог(ТЭЦ 17);;
D21718;Транспорт(ТЭЦ 17);;
D21719;Эконом. (ТЭЦ 17);;
D21720;УпрИмущ(ТЭЦ 17);;
D21721;Финансы(ТЭЦ 17);;
D21722;Бухгалт.(ТЭЦ 17);;
D21723;Развитие(ТЭЦ 17);;
D21724;КапСтрой(ТЭЦ 17);;
D21725;Тех(ТЭЦ 17 );;
D220;Каскад Ладожских ГЭС;;
D22001;Апп. ГД(Ладожск.ГЭС);;
D22002;ПравВопр(Ладожск.ГЭС;;
D22003;СвязОбщ.(Ладожск.ГЭС;;
D22004;АдмСерв(Ладожск.ГЭС);;
D22005;ГО и ЧС(Ладожск.ГЭС);;
D22006;Ремонт.(Ладожск.ГЭС);;
D22007;Эксплуат.(Ладожск.ГЭ;;
D22008;Произв.(Ладожск.ГЭС);;
D22009;Метролог(Ладожск.ГЭС;;
D22010;СбытТЭ(Ладожск.ГЭС);;
D22011;СбытЭЭ(Ладожск.ГЭС);;
D22012;КорпЗащит(Ладожск.ГЭ;;
D22013;ОплТруда(Ладожск.ГЭС;;
D22014;ПодгКадр(Ладожск.ГЭС;;
D22015;Соц-труд(Ладожск.ГЭС;;
D22016;Ресурсооб(Ладожск.ГЭ;;
D22017;СкладЛог(Ладожск.ГЭС;;
D22018;Транспорт(Ладожск.ГЭ;;
D22019;Эконом. (Ладожск.ГЭС;;
D22020;УпрИмущ(Ладожск.ГЭС);;
D22021;Финансы(Ладожск.ГЭС);;
D22022;Бухгалт.(Ладожск.ГЭС;;
D22023;Развитие(Ладожск.ГЭС;;
D22024;КапСтрой(Ладожск.ГЭС;;
D22025;Тех(Ладожск.ГЭС);;
D221;ТЭЦ 21 Северная;;
D22101;Апп. ГД(ТЭЦ 21);;
D22102;ПравВопр(ТЭЦ 21);;
D22103;СвязОбщ.(ТЭЦ 21);;
D22104;АдмСерв(ТЭЦ 21);;
D22105;ГО и ЧС(ТЭЦ 21);;
D22106;Ремонт.(ТЭЦ 21);;
D22107;Эксплуат.(ТЭЦ 21);;
D22108;Произв.(ТЭЦ 21);;
D22109;Метролог(ТЭЦ 21);;
D22110;СбытТЭ(ТЭЦ 21);;
D22111;СбытЭЭ(ТЭЦ 21);;
D22112;КорпЗащит(ТЭЦ 21);;
D22113;ОплТруда(ТЭЦ 21);;
D22114;ПодгКадр(ТЭЦ 21);;
D22115;Соц-труд(ТЭЦ 21);;
D22116;Ресурсооб(ТЭЦ 21);;
D22117;СкладЛог(ТЭЦ 21);;
D22118;Транспорт(ТЭЦ 21);;
D22119;Эконом. (ТЭЦ 21);;
D22120;УпрИмущ(ТЭЦ 21);;
D22121;Финансы(ТЭЦ 21);;
D22122;Бухгалт.(ТЭЦ 21);;
D22123;Развитие(ТЭЦ 21);;
D22124;КапСтрой(ТЭЦ 21);;
D22125;Тех(ТЭЦ 21);;
D222;ТЭЦ 22 Южная;;
D22201;Апп. ГД(ТЭЦ 22);;
D22202;ПравВопр(ТЭЦ 22);;
D22203;СвязОбщ.(ТЭЦ 22);;
D22204;АдмСерв(ТЭЦ 22);;
D22205;ГО и ЧС(ТЭЦ 22);;
D22206;Ремонт.(ТЭЦ 22);;
D22207;Эксплуат.(ТЭЦ 22);;
D22208;Произв.(ТЭЦ 22);;
D22209;Метролог(ТЭЦ 22);;
D22210;СбытТЭ(ТЭЦ 22);;
D22211;СбытЭЭ(ТЭЦ 22);;
D22212;КорпЗащит(ТЭЦ 22);;
D22213;ОплТруда(ТЭЦ 22);;
D22214;ПодгКадр(ТЭЦ 22);;
D22215;Соц-труд(ТЭЦ 22);;
D22216;Ресурсооб(ТЭЦ 22);;
D22217;СкладЛог(ТЭЦ 22);;
D22218;Транспорт(ТЭЦ 22);;
D22219;Эконом. (ТЭЦ 22);;
D22220;УпрИмущ(ТЭЦ 22);;
D22221;Финансы(ТЭЦ 22);;
D22222;Бухгалт.(ТЭЦ 22);;
D22223;Развитие(ТЭЦ 22);;
D22224;КапСтрой(ТЭЦ 22);;
D22225;Тех(ТЭЦ 22);;
D230;Каскад Вуоксинских Г;;
D23001;Апп. ГД(ВуоксинскГЭС;;
D23002;ПравВопр(ВуоксинскГЭ;;
D23003;СвязОбщ.(ВуоксинскГЭ;;
D23004;АдмСерв(ВуоксинскГЭС;;
D23005;ГО и ЧС(ВуоксинскГЭС;;
D23006;Ремонт.(ВуоксинскГЭС;;
D23007;Экспл(ВуоксинскГЭС);;
D23008;Произв.(ВуоксинскГЭС;;
D23009;Метролог(ВуоксинскГЭ;;
D23010;СбытТЭ(ВуоксинскГЭС);;
D23011;СбытЭЭ(ВуоксинскГЭС);;
D23012;КорЗащ(ВуоксинскГЭС);;
D23013;ОплТруда(ВуоксинскГЭ;;
D23014;ПодгКадр(ВуоксинскГЭ;;
D23015;Соц-труд(ВуоксинскГЭ;;
D23016;РесуОб(ВуоксинскГЭС);;
D23017;СкладЛог(ВуоксинскГЭ;;
D23018;Трансп(ВуоксинскГЭС);;
D23019;Эконом. (ВуоксинскГЭ;;
D23020;УпрИмущ(ВуоксинскГЭС;;
D23021;Финансы(ВуоксинскГЭС;;
D23022;Бухгалт.(ВуоксинскГЭ;;
D23023;Развитие(ВуоксинскГЭ;;
D23024;КапСтрой(ВуоксинскГЭ;;
D23025;Тех(ВуоксинскГЭС);;
D291;Предприятие СДТУиИТ;;
D29101;Апп. ГД(СДТУиИТ);;
D29102;ПравВопр(СДТУиИТ);;
D29103;СвязОбщ.(СДТУиИТ);;
D29104;АдмСерв(СДТУиИТ);;
D29105;ГО и ЧС(СДТУиИТ);;
D29106;Ремонт.(СДТУиИТ);;
D29107;Эксплуат.(СДТУиИТ);;
D29108;Произв.(СДТУиИТ);;
D29109;Метролог(СДТУиИТ);;
D29110;СбытТЭ(СДТУиИТ);;
D29111;СбытЭЭ(СДТУиИТ);;
D29112;КорпЗащит(СДТУиИТ);;
D29113;ОплТруда(СДТУиИТ);;
D29114;ПодгКадр(СДТУиИТ);;
D29115;Соц-труд(СДТУиИТ);;
D29116;Ресурсооб(СДТУиИТ);;
D29117;СкладЛог(СДТУиИТ);;
D29118;Транспорт(СДТУиИТ);;
D29119;Эконом. (СДТУиИТ);;
D29120;УпрИмущ(СДТУиИТ);;
D29121;Финансы(СДТУиИТ);;
D29122;Бухгалт.(СДТУиИТ);;
D29123;Развитие(СДТУиИТ);;
D29124;КапСтрой(СДТУиИТ);;
D29125;Тех(СДТУиИТ);;
D300;Упр.фил. Карельский;;
D30001;Апп. ГД(Карельский);;
D30002;ПравВопр(Карельский);;
D30003;СвязОбщ.(Карельский);;
D30004;АдмСерв(Карельский);;
D30005;ГО и ЧС(Карельский);;
D30006;Ремонт.(Карельский);;
D30007;Эксплуат.(Карельский;;
D30008;Произв.(Карельский);;
D30009;Метролог(Карельский);;
D30010;СбытТЭ(Карельский);;
D30011;СбытЭЭ(Карельский);;
D30012;КорпЗащит(Карельский;;
D30013;ОплТруда(Карельский);;
D30014;ПодгКадр(Карельский);;
D30015;Соц-труд(Карельский);;
D30016;Ресурсооб(Карельский;;
D30017;СкладЛог(Карельский);;
D30018;Транспорт(Карельский;;
D30019;Эконом. (Карельский);;
D30020;УпрИмущ(Карельский);;
D30021;Финансы(Карельский);;
D30022;Бухгалт.(Карельский);;
D30023;Развитие(Карельский);;
D30024;КапСтрой(Карельский);;
D30025;Тех(Карельский);;
D330;ВыгскихГЭС;;
D33001;Апп. ГД(ВыгскихГЭС);;
D33002;ПравВопр(ВыгскихГЭС);;
D33003;СвязОбщ.(ВыгскихГЭС);;
D33004;АдмСерв(ВыгскихГЭС);;
D33005;ГО и ЧС(ВыгскихГЭС);;
D33006;Ремонт.(ВыгскихГЭС);;
D33007;Эксплуат.(ВыгскихГЭС;;
D33008;Произв.(ВыгскихГЭС);;
D33009;Метролог(ВыгскихГЭС);;
D33010;СбытТЭ(ВыгскихГЭС);;
D33011;СбытЭЭ(ВыгскихГЭС);;
D33012;КорпЗащит(ВыгскихГЭС;;
D33013;ОплТруда(ВыгскихГЭС);;
D33014;ПодгКадр(ВыгскихГЭС);;
D33015;Соц-труд(ВыгскихГЭС);;
D33016;Ресурсооб(ВыгскихГЭС;;
D33017;СкладЛог(ВыгскихГЭС);;
D33018;Транспорт(ВыгскихГЭС;;
D33019;Эконом. (ВыгскихГЭС);;
D33020;УпрИмущ(ВыгскихГЭС);;
D33021;Финансы(ВыгскихГЭС);;
D33022;Бухгалт.(ВыгскихГЭС);;
D33023;Развитие(ВыгскихГЭС);;
D33024;КапСтрой(ВыгскихГЭС);;
D33025;Тех(ВыгскихГЭС);;
D340;Кемск.ГЭС;;
D34001;Апп. ГД(Кемск.ГЭС);;
D34002;ПравВопр(Кемск.ГЭС);;
D34003;СвязОбщ.(Кемск.ГЭС);;
D34004;АдмСерв(Кемск.ГЭС);;
D34005;ГО и ЧС(Кемск.ГЭС);;
D34006;Ремонт.(Кемск.ГЭС);;
D34007;Эксплуат.(Кемск.ГЭС);;
D34008;Произв.(Кемск.ГЭС);;
D34009;Метролог(Кемск.ГЭС);;
D34010;СбытТЭ(Кемск.ГЭС);;
D34011;СбытЭЭ(Кемск.ГЭС);;
D34012;КорпЗащит(Кемск.ГЭС);;
D34013;ОплТруда(Кемск.ГЭС);;
D34014;ПодгКадр(Кемск.ГЭС);;
D34015;Соц-труд(Кемск.ГЭС);;
D34016;Ресурсооб(Кемск.ГЭС);;
D34017;СкладЛог(Кемск.ГЭС);;
D34018;Транспорт(Кемск.ГЭС);;
D34019;Эконом. (Кемск.ГЭС);;
D34020;УпрИмущ(Кемск.ГЭС);;
D34021;Финансы(Кемск.ГЭС);;
D34022;Бухгалт.(Кемск.ГЭС);;
D34023;Развитие(Кемск.ГЭС);;
D34024;КапСтрой(Кемск.ГЭС);;
D34025;Тех(Кемск.ГЭС);;
D350;Сунск.ГЭС;;
D35001;Апп. ГД(Сунск.ГЭС);;
D35002;ПравВопр(Сунск.ГЭС);;
D35003;СвязОбщ.(Сунск.ГЭС);;
D35004;АдмСерв(Сунск.ГЭС);;
D35005;ГО и ЧС(Сунск.ГЭС);;
D35006;Ремонт.(Сунск.ГЭС);;
D35007;Эксплуат.(Сунск.ГЭС);;
D35008;Произв.(Сунск.ГЭС);;
D35009;Метролог(Сунск.ГЭС);;
D35010;СбытТЭ(Сунск.ГЭС);;
D35011;СбытЭЭ(Сунск.ГЭС);;
D35012;КорпЗащит(Сунск.ГЭС);;
D35013;ОплТруда(Сунск.ГЭС);;
D35014;ПодгКадр(Сунск.ГЭС);;
D35015;Соц-труд(Сунск.ГЭС);;
D35016;Ресурсооб(Сунск.ГЭС);;
D35017;СкладЛог(Сунск.ГЭС);;
D35018;Транспорт(Сунск.ГЭС);;
D35019;Эконом. (Сунск.ГЭС);;
D35020;УпрИмущ(Сунск.ГЭС);;
D35021;Финансы(Сунск.ГЭС);;
D35022;Бухгалт.(Сунск.ГЭС);;
D35023;Развитие(Сунск.ГЭС);;
D35024;КапСтрой(Сунск.ГЭС);;
D35025;Тех(Сунск.ГЭС);;
D361;Петрозав.ТЭЦ;;
D36101;Апп. ГД(Петрозав.ТЭЦ;;
D36102;ПравВопр(Петрозав.ТЭ;;
D36103;СвязОбщ.(Петрозав.ТЭ;;
D36104;АдмСерв(Петрозав.ТЭЦ;;
D36105;ГО и ЧС(Петрозав.ТЭЦ;;
D36106;Ремонт.(Петрозав.ТЭЦ;;
D36107;Экспл(Петрозав.ТЭЦ);;
D36108;Произв.(Петрозав.ТЭЦ;;
D36109;Метролог(Петрозав.ТЭ;;
D36110;СбытТЭ(Петрозав.ТЭЦ);;
D36111;СбытЭЭ(Петрозав.ТЭЦ);;
D36112;КорЗащ(Петрозав.ТЭЦ);;
D36113;ОплТруда(Петрозав.ТЭ;;
D36114;ПодгКадр(Петрозав.ТЭ;;
D36115;Соц-труд(Петрозав.ТЭ;;
D36116;РесуОб(Петрозав.ТЭЦ);;
D36117;СкладЛог(Петрозав.ТЭ;;
D36118;Трансп(Петрозав.ТЭЦ);;
D36119;Эконом. (Петрозав.ТЭ;;
D36120;УпрИмущ(Петрозав.ТЭЦ;;
D36121;Финансы(Петрозав.ТЭЦ;;
D36122;Бухгалт.(Петрозав.ТЭ;;
D36123;Развитие(Петрозав.ТЭ;;
D36124;КапСтрой(Петрозав.ТЭ;;
D36125;Тех(Петрозав.ТЭЦ);;
D370;Прионежский район;;
D37001;Апп. ГД (Прионежс;;
D37002;ПравВопр (Прионеж;;
D37003;СвязОбщ (Прионежс;;
D37004;АдмСерв (Прионежс;;
D37005;ГО и ЧС (Прионежс;;
D37006;Ремонт (Прионежск;;
D37007;Экспл.ТЭ (Прионеж;;
D37008;Произв (Прионежск;;
D37009;Метролог (Прионеж;;
D37010;СбытТЭ (Прионежск;;
D37011;СбытЭЭ (Прионежск;;
D37012;КорЗащ (Прионежск;;
D37013;ОплТруда (Прионеж;;
D37014;ПодгКадр (Прионеж;;
D37015;Соц-труд (Прионеж;;
D37016;РесуОб (Прионежск;;
D37017;СкладЛог (Прионеж;;
D37018;Трансп (Прионежск;;
D37019;Эконом (Прионежск;;
D37020;УпрИмущ (Прионежс;;
D37021;Финансы (Прионежс;;
D37022;Бухгалт (Прионежс;;
D37023;Развитие (Прионеж;;
D37024;КапСтрой (Прионеж;;
D37025;Технический(Прионежс;;
D380;Пряжинский район;;
D38001;Апп. ГД (Пряжинск;;
D38002;ПравВопр (Пряжинс;;
D38003;СвязОбщ (Пряжинск;;
D38004;АдмСерв (Пряжинск;;
D38005;ГО и ЧС (Пряжинск;;
D38006;Ремонт (Пряжинск.;;
D38007;Экспл.ТЭ (Пряжинс;;
D38008;Произв (Пряжинск.;;
D38009;Метролог (Пряжинс;;
D38010;СбытТЭ (Пряжинск.;;
D38011;СбытЭЭ (Пряжинск.;;
D38012;КорЗащ (Пряжинск.;;
D38013;ОплТруда (Пряжинс;;
D38014;ПодгКадр (Пряжинс;;
D38015;Соц-труд (Пряжинс;;
D38016;РесуОб (Пряжинск.;;
D38017;СкладЛог (Пряжинс;;
D38018;Трансп (Пряжинск.;;
D38019;Эконом (Пряжинск.;;
D38020;УпрИмущ (Пряжинск;;
D38021;Финансы (Пряжинск;;
D38022;Бухгалт (Пряжинск;;
D38023;Развитие (Пряжинс;;
D38024;КапСтрой (Пряжинс;;
D38025;Технический(Пряжинск;;
D400;Кольский;;
D40001;Апп. ГД(Кольский);;
D40002;ПравВопр(Кольский);;
D40003;СвязОбщ.(Кольский);;
D40004;АдмСерв(Кольский);;
D40005;ГО и ЧС(Кольский);;
D40006;Ремонт.(Кольский);;
D40007;Эксплуат.(Кольский);;
D40008;Произв.(Кольский);;
D40009;Метролог(Кольский);;
D40010;СбытТЭ(Кольский);;
D40011;СбытЭЭ(Кольский);;
D40012;КорпЗащит(Кольский);;
D40013;ОплТруда(Кольский);;
D40014;ПодгКадр(Кольский);;
D40015;Соц-труд(Кольский);;
D40016;Ресурсооб(Кольский);;
D40017;СкладЛог(Кольский);;
D40018;Транспорт(Кольский);;
D40019;Эконом. (Кольский);;
D40020;УпрИмущ(Кольский);;
D40021;Финансы(Кольский);;
D40022;Бухгалт.(Кольский);;
D40023;Развитие(Кольский);;
D40024;КапСтрой(Кольский);;
D40025;Тех(Кольский);;
D420;Каскад Нивских ГЭС;;
D42001;Апп. ГД(НивскиеГЭС);;
D42002;ПравВопр(НивскиеГЭС);;
D42003;СвязОбщ.(НивскиеГЭС);;
D42004;АдмСерв(НивскиеГЭС);;
D42005;ГО и ЧС(НивскиеГЭС);;
D42006;Ремонт.(НивскиеГЭС);;
D42007;Эксплуат.(НивскиеГЭС;;
D42008;Произв.(НивскиеГЭС);;
D42009;Метролог(НивскиеГЭС);;
D42010;СбытТЭ(НивскиеГЭС);;
D42011;СбытЭЭ(НивскиеГЭС);;
D42012;КорпЗащит(НивскиеГЭС;;
D42013;ОплТруда(НивскиеГЭС);;
D42014;ПодгКадр(НивскиеГЭС);;
D42015;Соц-труд(НивскиеГЭС);;
D42016;Ресурсооб(НивскиеГЭС;;
D42017;СкладЛог(НивскиеГЭС);;
D42018;Транспорт(НивскиеГЭС;;
D42019;Эконом. (НивскиеГЭС);;
D42020;УпрИмущ(НивскиеГЭС);;
D42021;Финансы(НивскиеГЭС);;
D42022;Бухгалт.(НивскиеГЭС);;
D42023;Развитие(НивскиеГЭС);;
D42024;КапСтрой(НивскиеГЭС);;
D42025;Тех(НивскиеГЭС);;
D430;Каскад Пазских ГЭС;;
D43001;Апп. ГД(ПазскиеГЭС);;
D43002;ПравВопр(ПазскиеГЭС);;
D43003;СвязОбщ.(ПазскиеГЭС);;
D43004;АдмСерв(ПазскиеГЭС);;
D43005;ГО и ЧС(ПазскиеГЭС);;
D43006;Ремонт.(ПазскиеГЭС);;
D43007;Эксплуат.(ПазскиеГЭС;;
D43008;Произв.(ПазскиеГЭС);;
D43009;Метролог(ПазскиеГЭС);;
D43010;СбытТЭ(ПазскиеГЭС);;
D43011;СбытЭЭ(ПазскиеГЭС);;
D43012;КорпЗащит(ПазскиеГЭС;;
D43013;ОплТруда(ПазскиеГЭС);;
D43014;ПодгКадр(ПазскиеГЭС);;
D43015;Соц-труд(ПазскиеГЭС);;
D43016;Ресурсооб(ПазскиеГЭС;;
D43017;СкладЛог(ПазскиеГЭС);;
D43018;Транспорт(ПазскиеГЭС;;
D43019;Эконом. (ПазскиеГЭС);;
D43020;УпрИмущ(ПазскиеГЭС);;
D43021;Финансы(ПазскиеГЭС);;
D43022;Бухгалт.(ПазскиеГЭС);;
D43023;Развитие(ПазскиеГЭС);;
D43024;КапСтрой(ПазскиеГЭС);;
D43025;Тех(ПазскиеГЭС);;
D440;Каскад ТуломскСерГЭС;;
D44001;Апп. ГД(Туломск.ГЭС);;
D44002;ПравВопр(Туломск.ГЭС;;
D44003;СвязОбщ.(Туломск.ГЭС;;
D44004;АдмСерв(Туломск.ГЭС);;
D44005;ГО и ЧС(Туломск.ГЭС);;
D44006;Ремонт.(Туломск.ГЭС);;
D44007;Эксплуат.(Туломск.ГЭ;;
D44008;Произв.(Туломск.ГЭС);;
D44009;Метролог(Туломск.ГЭС;;
D44010;СбытТЭ(Туломск.ГЭС);;
D44011;СбытЭЭ(Туломск.ГЭС);;
D44012;КорпЗащит(Туломск.ГЭ;;
D44013;ОплТруда(Туломск.ГЭС;;
D44014;ПодгКадр(Туломск.ГЭС;;
D44015;Соц-труд(Туломск.ГЭС;;
D44016;Ресурсооб(Туломск.ГЭ;;
D44017;СкладЛог(Туломск.ГЭС;;
D44018;Транспорт(Туломск.ГЭ;;
D44019;Эконом. (Туломск.ГЭС;;
D44020;УпрИмущ(Туломск.ГЭС);;
D44021;Финансы(Туломск.ГЭС);;
D44022;Бухгалт.(Туломск.ГЭС;;
D44023;Развитие(Туломск.ГЭС;;
D44024;КапСтрой(Туломск.ГЭС;;
D44025;Тех(Туломск.ГЭС);;
D461;Апатитская ТЭЦ;;
D46101;Апп. ГД(Апатит.ТЭЦ);;
D46102;ПравВопр(Апатит.ТЭЦ);;
D46103;СвязОбщ.(Апатит.ТЭЦ);;
D46104;АдмСерв(Апатит.ТЭЦ);;
D46105;ГО и ЧС(Апатит.ТЭЦ);;
D46106;Ремонт.(Апатит.ТЭЦ);;
D46107;Эксплуат.(Апатит.ТЭЦ;;
D46108;Произв.(Апатит.ТЭЦ);;
D46109;Метролог(Апатит.ТЭЦ);;
D46110;СбытТЭ(Апатит.ТЭЦ);;
D46111;СбытЭЭ(Апатит.ТЭЦ);;
D46112;КорпЗащит(Апатит.ТЭЦ;;
D46113;ОплТруда(Апатит.ТЭЦ);;
D46114;ПодгКадр(Апатит.ТЭЦ);;
D46115;Соц-труд(Апатит.ТЭЦ);;
D46116;Ресурсооб(Апатит.ТЭЦ;;
D46117;СкладЛог(Апатит.ТЭЦ);;
D46118;Транспорт(Апатит.ТЭЦ;;
D46119;Эконом. (Апатит.ТЭЦ);;
D46120;УпрИмущ(Апатит.ТЭЦ);;
D46121;Финансы(Апатит.ТЭЦ);;
D46122;Бухгалт.(Апатит.ТЭЦ);;
D46123;Развитие(Апатит.ТЭЦ);;
D46124;КапСтрой(Апатит.ТЭЦ);;
D46125;Тех(Апатитская ТЭЦ);;
T001;Техническое ПФМ;;
T002;Техническое ПФМ - 2;;
