ПФМ;Название;Описание
D100;Управление ПАО ТГК-1;Управление ПАО ТГК-1
D10001;Апп. ГД(УпрТГК-1);Апп. ГД(УпрТГК-1)
D10002;ПравВопр(УпрТГК-1);ПравВопр(УпрТГК-1)
D10003;СвязОбщ.(УпрТГК-1);СвязОбщ.(УпрТГК-1)
D10004;АдмСерв(УпрТГК-1);АдмСерв(УпрТГК-1)
D10005;ГО и ЧС(УпрТГК-1);ГО и ЧС(УпрТГК-1)
D10006;Ремонт.(УпрТГК-1);Ремонт.(УпрТГК-1)
D10007;Эксплуат.(УпрТГК-1);Эксплуат.(УпрТГК-1)
D10008;Произв.(УпрТГК-1);Произв.(УпрТГК-1)
D10009;Метролог(УпрТГК-1);Метролог(УпрТГК-1)
D10010;СбытТЭ(УпрТГК-1);СбытТЭ(УпрТГК-1)
D10011;СбытЭЭ(УпрТГК-1);СбытЭЭ(УпрТГК-1)
D10012;КорпЗащит(УпрТГК-1);КорпЗащит(УпрТГК-1)
D10013;ОплТруда(УпрТГК-1);ОплТруда(УпрТГК-1)
D10014;ПодгКадр(УпрТГК-1);ПодгКадр(УпрТГК-1)
D10015;Соц-труд(УпрТГК-1);Соц-труд(УпрТГК-1)
D10016;Ресурсооб(УпрТГК-1);Ресурсооб(УпрТГК-1)
D10017;СкладЛог(УпрТГК-1);СкладЛог(УпрТГК-1)
D10018;Транспорт(УпрТГК-1);Транспорт(УпрТГК-1)
D10019;Эконом. (УпрТГК-1);Эконом. (УпрТГК-1)
D10020;УпрИмущ(УпрТГК-1);УпрИмущ(УпрТГК-1)
D10021;Финансы(УпрТГК-1);Финансы(УпрТГК-1)
D10022;Бухгалт.(УпрТГК-1);Бухгалт.(УпрТГК-1)
D10023;Развитие(УпрТГК-1);Развитие(УпрТГК-1)
D10024;КапСтрой(УпрТГК-1);КапСтрой(УпрТГК-1)
D10025;Тех(УпрТГК-1);"Технический (Управление ПАО ""ТГК-1"")"
D200;"Апп.управ.""Невский""";"Апп.управ.""Невский"""
D20001;Апп. ГД(Невский);Апп. ГД(Невский)
D20002;ПравВопр(Невский);ПравВопр(Невский)
D20003;СвязОбщ.(Невский);СвязОбщ.(Невский)
D20004;АдмСерв(Невский);АдмСерв(Невский)
D20005;ГО и ЧС(Невский);ГО и ЧС(Невский)
D20006;Ремонт.(Невский);Ремонт.(Невский)
D20007;Эксплуат.(Невский);Эксплуат.(Невский)
D20008;Произв.(Невский);Произв.(Невский)
D20009;Метролог(Невский);Метролог(Невский)
D20010;СбытТЭ(Невский);СбытТЭ(Невский)
D20011;СбытЭЭ(Невский);СбытЭЭ(Невский)
D20012;КорпЗащит(Невский);КорпЗащит(Невский)
D20013;ОплТруда(Невский);ОплТруда(Невский)
D20014;ПодгКадр(Невский);ПодгКадр(Невский)
D20015;Соц-труд(Невский);Соц-труд(Невский)
D20016;Ресурсооб(Невский);Ресурсооб(Невский)
D20017;СкладЛог(Невский);СкладЛог(Невский)
D20018;Транспорт(Невский);Транспорт(Невский)
D20019;Эконом. (Невский);Эконом. (Невский)
D20020;УпрИмущ(Невский);УпрИмущ(Невский)
D20021;Финансы(Невский);Финансы(Невский)
D20022;Бухгалт.(Невский);Бухгалт.(Невский)
D20023;Развитие(Невский);Развитие(Невский)
D20024;КапСтрой(Невский);КапСтрой(Невский)
D20025;Тех(Невский);"Технический  (Аппарат управл. фил. ""Невс"
D202;ЦТЭЦ 2 Центральная;ЦТЭЦ 2 Центральная
D20201;Апп. ГД(ЦТЭЦ 2);Апп. ГД(ЦТЭЦ 2)
D20202;ПравВопр(ЦТЭЦ 2);ПравВопр(ЦТЭЦ 2)
D20203;СвязОбщ.(ЦТЭЦ 2);СвязОбщ.(ЦТЭЦ 2)
D20204;АдмСерв(ЦТЭЦ 2);АдмСерв(ЦТЭЦ 2)
D20205;ГО и ЧС(ЦТЭЦ 2);ГО и ЧС(ЦТЭЦ 2)
D20206;Ремонт.(ЦТЭЦ 2);Ремонт.(ЦТЭЦ 2)
D20207;Эксплуат.(ЦТЭЦ 2);Эксплуат.(ЦТЭЦ 2)
D20208;Произв.(ЦТЭЦ 2);Произв.(ЦТЭЦ 2)
D20209;Метролог(ЦТЭЦ 2);Метролог(ЦТЭЦ 2)
D20210;СбытТЭ(ЦТЭЦ 2);СбытТЭ(ЦТЭЦ 2)
D20211;СбытЭЭ(ЦТЭЦ 2);СбытЭЭ(ЦТЭЦ 2)
D20212;КорпЗащит(ЦТЭЦ 2);КорпЗащит(ЦТЭЦ 2)
D20213;ОплТруда(ЦТЭЦ 2);ОплТруда(ЦТЭЦ 2)
D20214;ПодгКадр(ЦТЭЦ 2);ПодгКадр(ЦТЭЦ 2)
D20215;Соц-труд(ЦТЭЦ 2);Соц-труд(ЦТЭЦ 2)
D20216;Ресурсооб(ЦТЭЦ 2);Ресурсооб(ЦТЭЦ 2)
D20217;СкладЛог(ЦТЭЦ 2);СкладЛог(ЦТЭЦ 2)
D20218;Транспорт(ЦТЭЦ 2);Транспорт(ЦТЭЦ 2)
D20219;Эконом. (ЦТЭЦ 2);Эконом. (ЦТЭЦ 2)
D20220;УпрИмущ(ЦТЭЦ 2);УпрИмущ(ЦТЭЦ 2)
D20221;Финансы(ЦТЭЦ 2);Финансы(ЦТЭЦ 2)
D20222;Бухгалт.(ЦТЭЦ 2);Бухгалт.(ЦТЭЦ 2)
D20223;Развитие(ЦТЭЦ 2);Развитие(ЦТЭЦ 2)
D20224;КапСтрой(ЦТЭЦ 2);КапСтрой(ЦТЭЦ 2)
D20225;Тех(ЦТЭЦ 2);Технический (ЦТЭЦ 2 Центральная)
D205;ТЭЦ 5 Правобережная;ТЭЦ 5 Правобережная
D20501;Апп. ГД(ТЭЦ 5);Апп. ГД(ТЭЦ 5)
D20502;ПравВопр(ТЭЦ 5);ПравВопр(ТЭЦ 5)
D20503;СвязОбщ.(ТЭЦ 5);СвязОбщ.(ТЭЦ 5)
D20504;АдмСерв(ТЭЦ 5);АдмСерв(ТЭЦ 5)
D20505;ГО и ЧС(ТЭЦ 5);ГО и ЧС(ТЭЦ 5)
D20506;Ремонт.(ТЭЦ 5);Ремонт.(ТЭЦ 5)
D20507;Эксплуат.(ТЭЦ 5);Эксплуат.(ТЭЦ 5)
D20508;Произв.(ТЭЦ 5);Произв.(ТЭЦ 5)
D20509;Метролог(ТЭЦ 5);Метролог(ТЭЦ 5)
D20510;СбытТЭ(ТЭЦ 5);СбытТЭ(ТЭЦ 5)
D20511;СбытЭЭ(ТЭЦ 5);СбытЭЭ(ТЭЦ 5)
D20512;КорпЗащит(ТЭЦ 5);КорпЗащит(ТЭЦ 5)
D20513;ОплТруда(ТЭЦ 5);ОплТруда(ТЭЦ 5)
D20514;ПодгКадр(ТЭЦ 5);ПодгКадр(ТЭЦ 5)
D20515;Соц-труд(ТЭЦ 5);Соц-труд(ТЭЦ 5)
D20516;Ресурсооб(ТЭЦ 5);Ресурсооб(ТЭЦ 5)
D20517;СкладЛог(ТЭЦ 5);СкладЛог(ТЭЦ 5)
D20518;Транспорт(ТЭЦ 5);Транспорт(ТЭЦ 5)
D20519;Эконом. (ТЭЦ 5);Эконом. (ТЭЦ 5)
D20520;УпрИмущ(ТЭЦ 5);УпрИмущ(ТЭЦ 5)
D20521;Финансы(ТЭЦ 5);Финансы(ТЭЦ 5)
D20522;Бухгалт.(ТЭЦ 5);Бухгалт.(ТЭЦ 5)
D20523;Развитие(ТЭЦ 5);Развитие(ТЭЦ 5)
D20524;КапСтрой(ТЭЦ 5);КапСтрой(ТЭЦ 5)
D20525;Тех(ТЭЦ 5);Технический (ТЭЦ 5 Правобережная)
D207;ТЭЦ 7 Василеостровск;ТЭЦ 7 Василеостровская
D20701;Апп. ГД(ТЭЦ 7 );Апп. ГД(ТЭЦ 7 )
D20702;ПравВопр(ТЭЦ 7 );ПравВопр(ТЭЦ 7 )
D20703;СвязОбщ.(ТЭЦ 7 );СвязОбщ.(ТЭЦ 7 )
D20704;АдмСерв(ТЭЦ 7 );АдмСерв(ТЭЦ 7 )
D20705;ГО и ЧС(ТЭЦ 7 );ГО и ЧС(ТЭЦ 7 )
D20706;Ремонт.(ТЭЦ 7 );Ремонт.(ТЭЦ 7 )
D20707;Эксплуат.(ТЭЦ 7 );Эксплуат.(ТЭЦ 7 )
D20708;Произв.(ТЭЦ 7 );Произв.(ТЭЦ 7 )
D20709;Метролог(ТЭЦ 7 );Метролог(ТЭЦ 7 )
D20710;СбытТЭ(ТЭЦ 7 );СбытТЭ(ТЭЦ 7 )
D20711;СбытЭЭ(ТЭЦ 7 );СбытЭЭ(ТЭЦ 7 )
D20712;КорпЗащит(ТЭЦ 7 );КорпЗащит(ТЭЦ 7 )
D20713;ОплТруда(ТЭЦ 7 );ОплТруда(ТЭЦ 7 )
D20714;ПодгКадр(ТЭЦ 7 );ПодгКадр(ТЭЦ 7 )
D20715;Соц-труд(ТЭЦ 7 );Соц-труд(ТЭЦ 7 )
D20716;Ресурсооб(ТЭЦ 7 );Ресурсооб(ТЭЦ 7 )
D20717;СкладЛог(ТЭЦ 7 );СкладЛог(ТЭЦ 7 )
D20718;Транспорт(ТЭЦ 7 );Транспорт(ТЭЦ 7 )
D20719;Эконом. (ТЭЦ 7 );Эконом. (ТЭЦ 7 )
D20720;УпрИмущ(ТЭЦ 7 );УпрИмущ(ТЭЦ 7 )
D20721;Финансы(ТЭЦ 7 );Финансы(ТЭЦ 7 )
D20722;Бухгалт.(ТЭЦ 7 );Бухгалт.(ТЭЦ 7 )
D20723;Развитие(ТЭЦ 7 );Развитие(ТЭЦ 7 )
D20724;КапСтрой(ТЭЦ 7 );КапСтрой(ТЭЦ 7 )
D20725;Тех(ТЭЦ 7 );Технический (ТЭЦ 7 Василеостровская)
D208;ТЭЦ 8 Дубровская;ТЭЦ 8 Дубровская
D20801;Апп. ГД(ТЭЦ 8);Апп. ГД(ТЭЦ 8)
D20802;ПравВопр(ТЭЦ 8);ПравВопр(ТЭЦ 8)
D20803;СвязОбщ.(ТЭЦ 8);СвязОбщ.(ТЭЦ 8)
D20804;АдмСерв(ТЭЦ 8);АдмСерв(ТЭЦ 8)
D20805;ГО и ЧС(ТЭЦ 8);ГО и ЧС(ТЭЦ 8)
D20806;Ремонт.(ТЭЦ 8);Ремонт.(ТЭЦ 8)
D20807;Эксплуат.(ТЭЦ 8);Эксплуат.(ТЭЦ 8)
D20808;Произв.(ТЭЦ 8);Произв.(ТЭЦ 8)
D20809;Метролог(ТЭЦ 8);Метролог(ТЭЦ 8)
D20810;СбытТЭ(ТЭЦ 8);СбытТЭ(ТЭЦ 8)
D20811;СбытЭЭ(ТЭЦ 8);СбытЭЭ(ТЭЦ 8)
D20812;КорпЗащит(ТЭЦ 8);КорпЗащит(ТЭЦ 8)
D20813;ОплТруда(ТЭЦ 8);ОплТруда(ТЭЦ 8)
D20814;ПодгКадр(ТЭЦ 8);ПодгКадр(ТЭЦ 8)
D20815;Соц-труд(ТЭЦ 8);Соц-труд(ТЭЦ 8)
D20816;Ресурсооб(ТЭЦ 8);Ресурсооб(ТЭЦ 8)
D20817;СкладЛог(ТЭЦ 8);СкладЛог(ТЭЦ 8)
D20818;Транспорт(ТЭЦ 8);Транспорт(ТЭЦ 8)
D20819;Эконом. (ТЭЦ 8);Эконом. (ТЭЦ 8)
D20820;УпрИмущ(ТЭЦ 8);УпрИмущ(ТЭЦ 8)
D20821;Финансы(ТЭЦ 8);Финансы(ТЭЦ 8)
D20822;Бухгалт.(ТЭЦ 8);Бухгалт.(ТЭЦ 8)
D20823;Развитие(ТЭЦ 8);Развитие(ТЭЦ 8)
D20824;КапСтрой(ТЭЦ 8);КапСтрой(ТЭЦ 8)
D20825;Тех(ТЭЦ 8);Технический (ТЭЦ 8 Дубровская)
D213;ГЭС 13 Нарвская;ГЭС 13 Нарвская
D21301;Апп. ГД(ГЭС 13);Апп. ГД(ГЭС 13)
D21302;ПравВопр(ГЭС 13);ПравВопр(ГЭС 13)
D21303;СвязОбщ.(ГЭС 13);СвязОбщ.(ГЭС 13)
D21304;АдмСерв(ГЭС 13);АдмСерв(ГЭС 13)
D21305;ГО и ЧС(ГЭС 13);ГО и ЧС(ГЭС 13)
D21306;Ремонт.(ГЭС 13);Ремонт.(ГЭС 13)
D21307;Эксплуат.(ГЭС 13);Эксплуат.(ГЭС 13)
D21308;Произв.(ГЭС 13);Произв.(ГЭС 13)
D21309;Метролог(ГЭС 13);Метролог(ГЭС 13)
D21310;СбытТЭ(ГЭС 13);СбытТЭ(ГЭС 13)
D21311;СбытЭЭ(ГЭС 13);СбытЭЭ(ГЭС 13)
D21312;КорпЗащит(ГЭС 13);КорпЗащит(ГЭС 13)
D21313;ОплТруда(ГЭС 13);ОплТруда(ГЭС 13)
D21314;ПодгКадр(ГЭС 13);ПодгКадр(ГЭС 13)
D21315;Соц-труд(ГЭС 13);Соц-труд(ГЭС 13)
D21316;Ресурсооб(ГЭС 13);Ресурсооб(ГЭС 13)
D21317;СкладЛог(ГЭС 13);СкладЛог(ГЭС 13)
D21318;Транспорт(ГЭС 13);Транспорт(ГЭС 13)
D21319;Эконом. (ГЭС 13);Эконом. (ГЭС 13)
D21320;УпрИмущ(ГЭС 13);УпрИмущ(ГЭС 13)
D21321;Финансы(ГЭС 13);Финансы(ГЭС 13)
D21322;Бухгалт.(ГЭС 13);Бухгалт.(ГЭС 13)
D21323;Развитие(ГЭС 13);Развитие(ГЭС 13)
D21324;КапСтрой(ГЭС 13);КапСтрой(ГЭС 13)
D21325;Технический (ГЭС 13;Тех(ГЭС 13)
D214;ТЭЦ 14 Первомайская;ТЭЦ 14 Первомайская
D21401;Апп. ГД(ТЭЦ 14);Апп. ГД(ТЭЦ 14)
D21402;ПравВопр(ТЭЦ 14);ПравВопр(ТЭЦ 14)
D21403;СвязОбщ.(ТЭЦ 14);СвязОбщ.(ТЭЦ 14)
D21404;АдмСерв(ТЭЦ 14);АдмСерв(ТЭЦ 14)
D21405;ГО и ЧС(ТЭЦ 14);ГО и ЧС(ТЭЦ 14)
D21406;Ремонт.(ТЭЦ 14);Ремонт.(ТЭЦ 14)
D21407;Эксплуат.(ТЭЦ 14);Эксплуат.(ТЭЦ 14)
D21408;Произв.(ТЭЦ 14);Произв.(ТЭЦ 14)
D21409;Метролог(ТЭЦ 14);Метролог(ТЭЦ 14)
D21410;СбытТЭ(ТЭЦ 14);СбытТЭ(ТЭЦ 14)
D21411;СбытЭЭ(ТЭЦ 14);СбытЭЭ(ТЭЦ 14)
D21412;КорпЗащит(ТЭЦ 14);КорпЗащит(ТЭЦ 14)
D21413;ОплТруда(ТЭЦ 14);ОплТруда(ТЭЦ 14)
D21414;ПодгКадр(ТЭЦ 14);ПодгКадр(ТЭЦ 14)
D21415;Соц-труд(ТЭЦ 14);Соц-труд(ТЭЦ 14)
D21416;Ресурсооб(ТЭЦ 14);Ресурсооб(ТЭЦ 14)
D21417;СкладЛог(ТЭЦ 14);СкладЛог(ТЭЦ 14)
D21418;Транспорт(ТЭЦ 14);Транспорт(ТЭЦ 14)
D21419;Эконом. (ТЭЦ 14);Эконом. (ТЭЦ 14)
D21420;УпрИмущ(ТЭЦ 14);УпрИмущ(ТЭЦ 14)
D21421;Финансы(ТЭЦ 14);Финансы(ТЭЦ 14)
D21422;Бухгалт.(ТЭЦ 14);Бухгалт.(ТЭЦ 14)
D21423;Развитие(ТЭЦ 14);Развитие(ТЭЦ 14)
D21424;КапСтрой(ТЭЦ 14);КапСтрой(ТЭЦ 14)
D21425;Тех(ТЭЦ 14);Технический (ТЭЦ 14 Первомайская)
D215;ТЭЦ 15 Автовская;ТЭЦ 15 Автовская
D21501;Апп. ГД(ТЭЦ 15 );Апп. ГД(ТЭЦ 15 )
D21502;ПравВопр(ТЭЦ 15 );ПравВопр(ТЭЦ 15 )
D21503;СвязОбщ.(ТЭЦ 15 );СвязОбщ.(ТЭЦ 15 )
D21504;АдмСерв(ТЭЦ 15 );АдмСерв(ТЭЦ 15 )
D21505;ГО и ЧС(ТЭЦ 15 );ГО и ЧС(ТЭЦ 15 )
D21506;Ремонт.(ТЭЦ 15 );Ремонт.(ТЭЦ 15 )
D21507;Эксплуат.(ТЭЦ 15 );Эксплуат.(ТЭЦ 15 )
D21508;Произв.(ТЭЦ 15 );Произв.(ТЭЦ 15 )
D21509;Метролог(ТЭЦ 15 );Метролог(ТЭЦ 15 )
D21510;СбытТЭ(ТЭЦ 15 );СбытТЭ(ТЭЦ 15 )
D21511;СбытЭЭ(ТЭЦ 15 );СбытЭЭ(ТЭЦ 15 )
D21512;КорпЗащит(ТЭЦ 15 );КорпЗащит(ТЭЦ 15 )
D21513;ОплТруда(ТЭЦ 15 );ОплТруда(ТЭЦ 15 )
D21514;ПодгКадр(ТЭЦ 15 );ПодгКадр(ТЭЦ 15 )
D21515;Соц-труд(ТЭЦ 15 );Соц-труд(ТЭЦ 15 )
D21516;Ресурсооб(ТЭЦ 15 );Ресурсооб(ТЭЦ 15 )
D21517;СкладЛог(ТЭЦ 15 );СкладЛог(ТЭЦ 15 )
D21518;Транспорт(ТЭЦ 15 );Транспорт(ТЭЦ 15 )
D21519;Эконом. (ТЭЦ 15 );Эконом. (ТЭЦ 15 )
D21520;УпрИмущ(ТЭЦ 15 );УпрИмущ(ТЭЦ 15 )
D21521;Финансы(ТЭЦ 15 );Финансы(ТЭЦ 15 )
D21522;Бухгалт.(ТЭЦ 15 );Бухгалт.(ТЭЦ 15 )
D21523;Развитие(ТЭЦ 15 );Развитие(ТЭЦ 15 )
D21524;КапСтрой(ТЭЦ 15 );КапСтрой(ТЭЦ 15 )
D21525;Тех(ТЭЦ 15 );Технический (ТЭЦ 15 Автовская)
D217;ТЭЦ 17 Выборгская;ТЭЦ 17 Выборгская
D21701;Апп. ГД(ТЭЦ 17);Апп. ГД(ТЭЦ 17)
D21702;ПравВопр(ТЭЦ 17);ПравВопр(ТЭЦ 17)
D21703;СвязОбщ.(ТЭЦ 17);СвязОбщ.(ТЭЦ 17)
D21704;АдмСерв(ТЭЦ 17);АдмСерв(ТЭЦ 17)
D21705;ГО и ЧС(ТЭЦ 17);ГО и ЧС(ТЭЦ 17)
D21706;Ремонт.(ТЭЦ 17);Ремонт.(ТЭЦ 17)
D21707;Эксплуат.(ТЭЦ 17);Эксплуат.(ТЭЦ 17)
D21708;Произв.(ТЭЦ 17);Произв.(ТЭЦ 17)
D21709;Метролог(ТЭЦ 17);Метролог(ТЭЦ 17)
D21710;СбытТЭ(ТЭЦ 17);СбытТЭ(ТЭЦ 17)
D21711;СбытЭЭ(ТЭЦ 17);СбытЭЭ(ТЭЦ 17)
D21712;КорпЗащит(ТЭЦ 17);КорпЗащит(ТЭЦ 17)
D21713;ОплТруда(ТЭЦ 17);ОплТруда(ТЭЦ 17)
D21714;ПодгКадр(ТЭЦ 17);ПодгКадр(ТЭЦ 17)
D21715;Соц-труд(ТЭЦ 17);Соц-труд(ТЭЦ 17)
D21716;Ресурсооб(ТЭЦ 17);Ресурсооб(ТЭЦ 17)
D21717;СкладЛог(ТЭЦ 17);СкладЛог(ТЭЦ 17)
D21718;Транспорт(ТЭЦ 17);Транспорт(ТЭЦ 17)
D21719;Эконом. (ТЭЦ 17);Эконом. (ТЭЦ 17)
D21720;УпрИмущ(ТЭЦ 17);УпрИмущ(ТЭЦ 17)
D21721;Финансы(ТЭЦ 17);Финансы(ТЭЦ 17)
D21722;Бухгалт.(ТЭЦ 17);Бухгалт.(ТЭЦ 17)
D21723;Развитие(ТЭЦ 17);Развитие(ТЭЦ 17)
D21724;КапСтрой(ТЭЦ 17);КапСтрой(ТЭЦ 17)
D21725;Тех(ТЭЦ 17 );Технический (ТЭЦ 17 Выборгская)
D220;Каскад Ладожских ГЭС;Каскад Ладожских ГЭС
D22001;Апп. ГД(Ладожск.ГЭС);Апп. ГД(Ладожск.ГЭС)
D22002;ПравВопр(Ладожск.ГЭС;ПравВопр(Ладожск.ГЭС)
D22003;СвязОбщ.(Ладожск.ГЭС;СвязОбщ.(Ладожск.ГЭС)
D22004;АдмСерв(Ладожск.ГЭС);АдмСерв(Ладожск.ГЭС)
D22005;ГО и ЧС(Ладожск.ГЭС);ГО и ЧС(Ладожск.ГЭС)
D22006;Ремонт.(Ладожск.ГЭС);Ремонт.(Ладожск.ГЭС)
D22007;Эксплуат.(Ладожск.ГЭ;Эксплуат.(Ладожск.ГЭС)
D22008;Произв.(Ладожск.ГЭС);Произв.(Ладожск.ГЭС)
D22009;Метролог(Ладожск.ГЭС;Метролог(Ладожск.ГЭС)
D22010;СбытТЭ(Ладожск.ГЭС);СбытТЭ(Ладожск.ГЭС)
D22011;СбытЭЭ(Ладожск.ГЭС);СбытЭЭ(Ладожск.ГЭС)
D22012;КорпЗащит(Ладожск.ГЭ;КорпЗащит(Ладожск.ГЭС)
D22013;ОплТруда(Ладожск.ГЭС;ОплТруда(Ладожск.ГЭС)
D22014;ПодгКадр(Ладожск.ГЭС;ПодгКадр(Ладожск.ГЭС)
D22015;Соц-труд(Ладожск.ГЭС;Соц-труд(Ладожск.ГЭС)
D22016;Ресурсооб(Ладожск.ГЭ;Ресурсооб(Ладожск.ГЭС)
D22017;СкладЛог(Ладожск.ГЭС;СкладЛог(Ладожск.ГЭС)
D22018;Транспорт(Ладожск.ГЭ;Транспорт(Ладожск.ГЭС)
D22019;Эконом. (Ладожск.ГЭС;Эконом. (Ладожск.ГЭС)
D22020;УпрИмущ(Ладожск.ГЭС);УпрИмущ(Ладожск.ГЭС)
D22021;Финансы(Ладожск.ГЭС);Финансы(Ладожск.ГЭС)
D22022;Бухгалт.(Ладожск.ГЭС;Бухгалт.(Ладожск.ГЭС)
D22023;Развитие(Ладожск.ГЭС;Развитие(Ладожск.ГЭС)
D22024;КапСтрой(Ладожск.ГЭС;КапСтрой(Ладожск.ГЭС)
D22025;Тех(Ладожск.ГЭС);Технический (Каскад Ладожских ГЭС)
D221;ТЭЦ 21 Северная;ТЭЦ 21 Северная
D22101;Апп. ГД(ТЭЦ 21);Апп. ГД(ТЭЦ 21)
D22102;ПравВопр(ТЭЦ 21);ПравВопр(ТЭЦ 21)
D22103;СвязОбщ.(ТЭЦ 21);СвязОбщ.(ТЭЦ 21)
D22104;АдмСерв(ТЭЦ 21);АдмСерв(ТЭЦ 21)
D22105;ГО и ЧС(ТЭЦ 21);ГО и ЧС(ТЭЦ 21)
D22106;Ремонт.(ТЭЦ 21);Ремонт.(ТЭЦ 21)
D22107;Эксплуат.(ТЭЦ 21);Эксплуат.(ТЭЦ 21)
D22108;Произв.(ТЭЦ 21);Произв.(ТЭЦ 21)
D22109;Метролог(ТЭЦ 21);Метролог(ТЭЦ 21)
D22110;СбытТЭ(ТЭЦ 21);СбытТЭ(ТЭЦ 21)
D22111;СбытЭЭ(ТЭЦ 21);СбытЭЭ(ТЭЦ 21)
D22112;КорпЗащит(ТЭЦ 21);КорпЗащит(ТЭЦ 21)
D22113;ОплТруда(ТЭЦ 21);ОплТруда(ТЭЦ 21)
D22114;ПодгКадр(ТЭЦ 21);ПодгКадр(ТЭЦ 21)
D22115;Соц-труд(ТЭЦ 21);Соц-труд(ТЭЦ 21)
D22116;Ресурсооб(ТЭЦ 21);Ресурсооб(ТЭЦ 21)
D22117;СкладЛог(ТЭЦ 21);СкладЛог(ТЭЦ 21)
D22118;Транспорт(ТЭЦ 21);Транспорт(ТЭЦ 21)
D22119;Эконом. (ТЭЦ 21);Эконом. (ТЭЦ 21)
D22120;УпрИмущ(ТЭЦ 21);УпрИмущ(ТЭЦ 21)
D22121;Финансы(ТЭЦ 21);Финансы(ТЭЦ 21)
D22122;Бухгалт.(ТЭЦ 21);Бухгалт.(ТЭЦ 21)
D22123;Развитие(ТЭЦ 21);Развитие(ТЭЦ 21)
D22124;КапСтрой(ТЭЦ 21);КапСтрой(ТЭЦ 21)
D22125;Тех(ТЭЦ 21);Технический (ТЭЦ 21 Северная)
D222;ТЭЦ 22 Южная;ТЭЦ 22 Южная
D22201;Апп. ГД(ТЭЦ 22);Апп. ГД(ТЭЦ 22)
D22202;ПравВопр(ТЭЦ 22);ПравВопр(ТЭЦ 22)
D22203;СвязОбщ.(ТЭЦ 22);СвязОбщ.(ТЭЦ 22)
D22204;АдмСерв(ТЭЦ 22);АдмСерв(ТЭЦ 22)
D22205;ГО и ЧС(ТЭЦ 22);ГО и ЧС(ТЭЦ 22)
D22206;Ремонт.(ТЭЦ 22);Ремонт.(ТЭЦ 22)
D22207;Эксплуат.(ТЭЦ 22);Эксплуат.(ТЭЦ 22)
D22208;Произв.(ТЭЦ 22);Произв.(ТЭЦ 22)
D22209;Метролог(ТЭЦ 22);Метролог(ТЭЦ 22)
D22210;СбытТЭ(ТЭЦ 22);СбытТЭ(ТЭЦ 22)
D22211;СбытЭЭ(ТЭЦ 22);СбытЭЭ(ТЭЦ 22)
D22212;КорпЗащит(ТЭЦ 22);КорпЗащит(ТЭЦ 22)
D22213;ОплТруда(ТЭЦ 22);ОплТруда(ТЭЦ 22)
D22214;ПодгКадр(ТЭЦ 22);ПодгКадр(ТЭЦ 22)
D22215;Соц-труд(ТЭЦ 22);Соц-труд(ТЭЦ 22)
D22216;Ресурсооб(ТЭЦ 22);Ресурсооб(ТЭЦ 22)
D22217;СкладЛог(ТЭЦ 22);СкладЛог(ТЭЦ 22)
D22218;Транспорт(ТЭЦ 22);Транспорт(ТЭЦ 22)
D22219;Эконом. (ТЭЦ 22);Эконом. (ТЭЦ 22)
D22220;УпрИмущ(ТЭЦ 22);УпрИмущ(ТЭЦ 22)
D22221;Финансы(ТЭЦ 22);Финансы(ТЭЦ 22)
D22222;Бухгалт.(ТЭЦ 22);Бухгалт.(ТЭЦ 22)
D22223;Развитие(ТЭЦ 22);Развитие(ТЭЦ 22)
D22224;КапСтрой(ТЭЦ 22);КапСтрой(ТЭЦ 22)
D22225;Тех(ТЭЦ 22);Технический (ТЭЦ 22 Южная)
D230;Каскад Вуоксинских Г;Каскад Вуоксинских ГЭС
D23001;Апп. ГД(ВуоксинскГЭС;Апп. ГД(ВуоксинскГЭС)
D23002;ПравВопр(ВуоксинскГЭ;ПравВопр(ВуоксинскГЭС)
D23003;СвязОбщ.(ВуоксинскГЭ;СвязОбщ.(ВуоксинскГЭС)
D23004;АдмСерв(ВуоксинскГЭС;АдмСерв(ВуоксинскГЭС)
D23005;ГО и ЧС(ВуоксинскГЭС;ГО и ЧС(ВуоксинскГЭС)
D23006;Ремонт.(ВуоксинскГЭС;Ремонт.(ВуоксинскГЭС)
D23007;Экспл(ВуоксинскГЭС);Экспл(ВуоксинскГЭС)
D23008;Произв.(ВуоксинскГЭС;Произв.(ВуоксинскГЭС)
D23009;Метролог(ВуоксинскГЭ;Метролог(ВуоксинскГЭС)
D23010;СбытТЭ(ВуоксинскГЭС);СбытТЭ(ВуоксинскГЭС)
D23011;СбытЭЭ(ВуоксинскГЭС);СбытЭЭ(ВуоксинскГЭС)
D23012;КорЗащ(ВуоксинскГЭС);КорЗащ(ВуоксинскГЭС)
D23013;ОплТруда(ВуоксинскГЭ;ОплТруда(ВуоксинскГЭС)
D23014;ПодгКадр(ВуоксинскГЭ;ПодгКадр(ВуоксинскГЭС)
D23015;Соц-труд(ВуоксинскГЭ;Соц-труд(ВуоксинскГЭС)
D23016;РесуОб(ВуоксинскГЭС);РесуОб(ВуоксинскГЭС)
D23017;СкладЛог(ВуоксинскГЭ;СкладЛог(ВуоксинскГЭС)
D23018;Трансп(ВуоксинскГЭС);Трансп(ВуоксинскГЭС)
D23019;Эконом. (ВуоксинскГЭ;Эконом. (ВуоксинскГЭС)
D23020;УпрИмущ(ВуоксинскГЭС;УпрИмущ(ВуоксинскГЭС)
D23021;Финансы(ВуоксинскГЭС;Финансы(ВуоксинскГЭС)
D23022;Бухгалт.(ВуоксинскГЭ;Бухгалт.(ВуоксинскГЭС)
D23023;Развитие(ВуоксинскГЭ;Развитие(ВуоксинскГЭС)
D23024;КапСтрой(ВуоксинскГЭ;КапСтрой(ВуоксинскГЭС)
D23025;Тех(ВуоксинскГЭС);Технический (Каскад Вуоксинских ГЭС)
D291;Предприятие СДТУиИТ;Предприятие СДТУиИТ
D29101;Апп. ГД(СДТУиИТ);Апп. ГД(СДТУиИТ)
D29102;ПравВопр(СДТУиИТ);ПравВопр(СДТУиИТ)
D29103;СвязОбщ.(СДТУиИТ);СвязОбщ.(СДТУиИТ)
D29104;АдмСерв(СДТУиИТ);АдмСерв(СДТУиИТ)
D29105;ГО и ЧС(СДТУиИТ);ГО и ЧС(СДТУиИТ)
D29106;Ремонт.(СДТУиИТ);Ремонт.(СДТУиИТ)
D29107;Эксплуат.(СДТУиИТ);Эксплуат.(СДТУиИТ)
D29108;Произв.(СДТУиИТ);Произв.(СДТУиИТ)
D29109;Метролог(СДТУиИТ);Метролог(СДТУиИТ)
D29110;СбытТЭ(СДТУиИТ);СбытТЭ(СДТУиИТ)
D29111;СбытЭЭ(СДТУиИТ);СбытЭЭ(СДТУиИТ)
D29112;КорпЗащит(СДТУиИТ);КорпЗащит(СДТУиИТ)
D29113;ОплТруда(СДТУиИТ);ОплТруда(СДТУиИТ)
D29114;ПодгКадр(СДТУиИТ);ПодгКадр(СДТУиИТ)
D29115;Соц-труд(СДТУиИТ);Соц-труд(СДТУиИТ)
D29116;Ресурсооб(СДТУиИТ);Ресурсооб(СДТУиИТ)
D29117;СкладЛог(СДТУиИТ);СкладЛог(СДТУиИТ)
D29118;Транспорт(СДТУиИТ);Транспорт(СДТУиИТ)
D29119;Эконом. (СДТУиИТ);Эконом. (СДТУиИТ)
D29120;УпрИмущ(СДТУиИТ);УпрИмущ(СДТУиИТ)
D29121;Финансы(СДТУиИТ);Финансы(СДТУиИТ)
D29122;Бухгалт.(СДТУиИТ);Бухгалт.(СДТУиИТ)
D29123;Развитие(СДТУиИТ);Развитие(СДТУиИТ)
D29124;КапСтрой(СДТУиИТ);Блок по кап. строительству (Предприятие
D29125;Тех(СДТУиИТ);Технический (Предприятие СДТУиИТ)
D300;Упр.фил. Карельский;Упр.фил. Карельский
D30001;Апп. ГД(Карельский);Апп. ГД(Карельский)
D30002;ПравВопр(Карельский);ПравВопр(Карельский)
D30003;СвязОбщ.(Карельский);СвязОбщ.(Карельский)
D30004;АдмСерв(Карельский);АдмСерв(Карельский)
D30005;ГО и ЧС(Карельский);ГО и ЧС(Карельский)
D30006;Ремонт.(Карельский);Ремонт.(Карельский)
D30007;Эксплуат.(Карельский;Эксплуат.(Карельский)
D30008;Произв.(Карельский);Произв.(Карельский)
D30009;Метролог(Карельский);Метролог(Карельский)
D30010;СбытТЭ(Карельский);СбытТЭ(Карельский)
D30011;СбытЭЭ(Карельский);СбытЭЭ(Карельский)
D30012;КорпЗащит(Карельский;КорпЗащит(Карельский)
D30013;ОплТруда(Карельский);ОплТруда(Карельский)
D30014;ПодгКадр(Карельский);ПодгКадр(Карельский)
D30015;Соц-труд(Карельский);Соц-труд(Карельский)
D30016;Ресурсооб(Карельский;Ресурсооб(Карельский)
D30017;СкладЛог(Карельский);СкладЛог(Карельский)
D30018;Транспорт(Карельский;Транспорт(Карельский)
D30019;Эконом. (Карельский);Эконом. (Карельский)
D30020;УпрИмущ(Карельский);УпрИмущ(Карельский)
D30021;Финансы(Карельский);Финансы(Карельский)
D30022;Бухгалт.(Карельский);Бухгалт.(Карельский)
D30023;Развитие(Карельский);Развитие(Карельский)
D30024;КапСтрой(Карельский);КапСтрой(Карельский)
D30025;Тех(Карельский);Технический (Управление филиала Карельск
D330;ВыгскихГЭС;ВыгскихГЭС
D33001;Апп. ГД(ВыгскихГЭС);Апп. ГД(ВыгскихГЭС)
D33002;ПравВопр(ВыгскихГЭС);ПравВопр(ВыгскихГЭС)
D33003;СвязОбщ.(ВыгскихГЭС);СвязОбщ.(ВыгскихГЭС)
D33004;АдмСерв(ВыгскихГЭС);АдмСерв(ВыгскихГЭС)
D33005;ГО и ЧС(ВыгскихГЭС);ГО и ЧС(ВыгскихГЭС)
D33006;Ремонт.(ВыгскихГЭС);Ремонт.(ВыгскихГЭС)
D33007;Эксплуат.(ВыгскихГЭС;Эксплуат.(ВыгскихГЭС)
D33008;Произв.(ВыгскихГЭС);Произв.(ВыгскихГЭС)
D33009;Метролог(ВыгскихГЭС);Метролог(ВыгскихГЭС)
D33010;СбытТЭ(ВыгскихГЭС);СбытТЭ(ВыгскихГЭС)
D33011;СбытЭЭ(ВыгскихГЭС);СбытЭЭ(ВыгскихГЭС)
D33012;КорпЗащит(ВыгскихГЭС;КорпЗащит(ВыгскихГЭС)
D33013;ОплТруда(ВыгскихГЭС);ОплТруда(ВыгскихГЭС)
D33014;ПодгКадр(ВыгскихГЭС);ПодгКадр(ВыгскихГЭС)
D33015;Соц-труд(ВыгскихГЭС);Соц-труд(ВыгскихГЭС)
D33016;Ресурсооб(ВыгскихГЭС;Ресурсооб(ВыгскихГЭС)
D33017;СкладЛог(ВыгскихГЭС);СкладЛог(ВыгскихГЭС)
D33018;Транспорт(ВыгскихГЭС;Транспорт(ВыгскихГЭС)
D33019;Эконом. (ВыгскихГЭС);Эконом. (ВыгскихГЭС)
D33020;УпрИмущ(ВыгскихГЭС);УпрИмущ(ВыгскихГЭС)
D33021;Финансы(ВыгскихГЭС);Финансы(ВыгскихГЭС)
D33022;Бухгалт.(ВыгскихГЭС);Бухгалт.(ВыгскихГЭС)
D33023;Развитие(ВыгскихГЭС);Развитие(ВыгскихГЭС)
D33024;КапСтрой(ВыгскихГЭС);КапСтрой(ВыгскихГЭС)
D33025;Тех(ВыгскихГЭС);Технический (Каскад Выгских ГЭС)
D340;Кемск.ГЭС;Кемск.ГЭС
D34001;Апп. ГД(Кемск.ГЭС);Апп. ГД(Кемск.ГЭС)
D34002;ПравВопр(Кемск.ГЭС);ПравВопр(Кемск.ГЭС)
D34003;СвязОбщ.(Кемск.ГЭС);СвязОбщ.(Кемск.ГЭС)
D34004;АдмСерв(Кемск.ГЭС);АдмСерв(Кемск.ГЭС)
D34005;ГО и ЧС(Кемск.ГЭС);ГО и ЧС(Кемск.ГЭС)
D34006;Ремонт.(Кемск.ГЭС);Ремонт.(Кемск.ГЭС)
D34007;Эксплуат.(Кемск.ГЭС);Эксплуат.(Кемск.ГЭС)
D34008;Произв.(Кемск.ГЭС);Произв.(Кемск.ГЭС)
D34009;Метролог(Кемск.ГЭС);Метролог(Кемск.ГЭС)
D34010;СбытТЭ(Кемск.ГЭС);СбытТЭ(Кемск.ГЭС)
D34011;СбытЭЭ(Кемск.ГЭС);СбытЭЭ(Кемск.ГЭС)
D34012;КорпЗащит(Кемск.ГЭС);КорпЗащит(Кемск.ГЭС)
D34013;ОплТруда(Кемск.ГЭС);ОплТруда(Кемск.ГЭС)
D34014;ПодгКадр(Кемск.ГЭС);ПодгКадр(Кемск.ГЭС)
D34015;Соц-труд(Кемск.ГЭС);Соц-труд(Кемск.ГЭС)
D34016;Ресурсооб(Кемск.ГЭС);Ресурсооб(Кемск.ГЭС)
D34017;СкладЛог(Кемск.ГЭС);СкладЛог(Кемск.ГЭС)
D34018;Транспорт(Кемск.ГЭС);Транспорт(Кемск.ГЭС)
D34019;Эконом. (Кемск.ГЭС);Эконом. (Кемск.ГЭС)
D34020;УпрИмущ(Кемск.ГЭС);УпрИмущ(Кемск.ГЭС)
D34021;Финансы(Кемск.ГЭС);Финансы(Кемск.ГЭС)
D34022;Бухгалт.(Кемск.ГЭС);Бухгалт.(Кемск.ГЭС)
D34023;Развитие(Кемск.ГЭС);Развитие(Кемск.ГЭС)
D34024;КапСтрой(Кемск.ГЭС);КапСтрой(Кемск.ГЭС)
D34025;Тех(Кемск.ГЭС);Технический (Каскад Кемских ГЭС)
D350;Сунск.ГЭС;Сунск.ГЭС
D35001;Апп. ГД(Сунск.ГЭС);Апп. ГД(Сунск.ГЭС)
D35002;ПравВопр(Сунск.ГЭС);ПравВопр(Сунск.ГЭС)
D35003;СвязОбщ.(Сунск.ГЭС);СвязОбщ.(Сунск.ГЭС)
D35004;АдмСерв(Сунск.ГЭС);АдмСерв(Сунск.ГЭС)
D35005;ГО и ЧС(Сунск.ГЭС);ГО и ЧС(Сунск.ГЭС)
D35006;Ремонт.(Сунск.ГЭС);Ремонт.(Сунск.ГЭС)
D35007;Эксплуат.(Сунск.ГЭС);Эксплуат.(Сунск.ГЭС)
D35008;Произв.(Сунск.ГЭС);Произв.(Сунск.ГЭС)
D35009;Метролог(Сунск.ГЭС);Метролог(Сунск.ГЭС)
D35010;СбытТЭ(Сунск.ГЭС);СбытТЭ(Сунск.ГЭС)
D35011;СбытЭЭ(Сунск.ГЭС);СбытЭЭ(Сунск.ГЭС)
D35012;КорпЗащит(Сунск.ГЭС);КорпЗащит(Сунск.ГЭС)
D35013;ОплТруда(Сунск.ГЭС);ОплТруда(Сунск.ГЭС)
D35014;ПодгКадр(Сунск.ГЭС);ПодгКадр(Сунск.ГЭС)
D35015;Соц-труд(Сунск.ГЭС);Соц-труд(Сунск.ГЭС)
D35016;Ресурсооб(Сунск.ГЭС);Ресурсооб(Сунск.ГЭС)
D35017;СкладЛог(Сунск.ГЭС);СкладЛог(Сунск.ГЭС)
D35018;Транспорт(Сунск.ГЭС);Транспорт(Сунск.ГЭС)
D35019;Эконом. (Сунск.ГЭС);Эконом. (Сунск.ГЭС)
D35020;УпрИмущ(Сунск.ГЭС);УпрИмущ(Сунск.ГЭС)
D35021;Финансы(Сунск.ГЭС);Финансы(Сунск.ГЭС)
D35022;Бухгалт.(Сунск.ГЭС);Бухгалт.(Сунск.ГЭС)
D35023;Развитие(Сунск.ГЭС);Развитие(Сунск.ГЭС)
D35024;КапСтрой(Сунск.ГЭС);КапСтрой(Сунск.ГЭС)
D35025;Тех(Сунск.ГЭС);Технический (Каскад Сунских ГЭС)
D361;Петрозав.ТЭЦ;Петрозав.ТЭЦ
D36101;Апп. ГД(Петрозав.ТЭЦ;Апп. ГД(Петрозав.ТЭЦ)
D36102;ПравВопр(Петрозав.ТЭ;ПравВопр(Петрозав.ТЭЦ)
D36103;СвязОбщ.(Петрозав.ТЭ;СвязОбщ.(Петрозав.ТЭЦ)
D36104;АдмСерв(Петрозав.ТЭЦ;АдмСерв(Петрозав.ТЭЦ)
D36105;ГО и ЧС(Петрозав.ТЭЦ;ГО и ЧС(Петрозав.ТЭЦ)
D36106;Ремонт.(Петрозав.ТЭЦ;Ремонт.(Петрозав.ТЭЦ)
D36107;Экспл(Петрозав.ТЭЦ);Экспл(Петрозав.ТЭЦ)
D36108;Произв.(Петрозав.ТЭЦ;Произв.(Петрозав.ТЭЦ)
D36109;Метролог(Петрозав.ТЭ;Метролог(Петрозав.ТЭЦ)
D36110;СбытТЭ(Петрозав.ТЭЦ);СбытТЭ(Петрозав.ТЭЦ)
D36111;СбытЭЭ(Петрозав.ТЭЦ);СбытЭЭ(Петрозав.ТЭЦ)
D36112;КорЗащ(Петрозав.ТЭЦ);КорЗащ(Петрозав.ТЭЦ)
D36113;ОплТруда(Петрозав.ТЭ;ОплТруда(Петрозав.ТЭЦ)
D36114;ПодгКадр(Петрозав.ТЭ;ПодгКадр(Петрозав.ТЭЦ)
D36115;Соц-труд(Петрозав.ТЭ;Соц-труд(Петрозав.ТЭЦ)
D36116;РесуОб(Петрозав.ТЭЦ);РесуОб(Петрозав.ТЭЦ)
D36117;СкладЛог(Петрозав.ТЭ;СкладЛог(Петрозав.ТЭЦ)
D36118;Трансп(Петрозав.ТЭЦ);Трансп(Петрозав.ТЭЦ)
D36119;Эконом. (Петрозав.ТЭ;Эконом. (Петрозав.ТЭЦ)
D36120;УпрИмущ(Петрозав.ТЭЦ;УпрИмущ(Петрозав.ТЭЦ)
D36121;Финансы(Петрозав.ТЭЦ;Финансы(Петрозав.ТЭЦ)
D36122;Бухгалт.(Петрозав.ТЭ;Бухгалт.(Петрозав.ТЭЦ)
D36123;Развитие(Петрозав.ТЭ;Развитие(Петрозав.ТЭЦ)
D36124;КапСтрой(Петрозав.ТЭ;КапСтрой(Петрозав.ТЭЦ)
D36125;Тех(Петрозав.ТЭЦ);Технический(Петрозаводская ТЭЦ)
D370;Прионежский район;Прионежский район
D37001;Апп. ГД (Прионежс;Блок аппарата ген. директора (Прионежски
D37002;ПравВопр (Прионеж;Блок по правовым вопросам (Прионежский р
D37003;СвязОбщ (Прионежс;Блок по связям с общественностью (Прионе
D37004;АдмСерв (Прионежс;Административно-сервисный блок (Прионежс
D37005;ГО и ЧС (Прионежс;Блок по ГО и ЧС (Прионежский район)
D37006;Ремонт (Прионежск;Блок по ремонтам (Прионежский район)
D37007;Экспл.ТЭ (Прионеж;Блок по эксплуатации (Прионежский район)
D37008;Произв (Прионежск;Производственный блок (Прионежский район
D37009;Метролог (Прионеж;Блок метрологии (Прионежский район)
D37010;СбытТЭ (Прионежск;Блок  сбыта тепловой энергии (Прионежски
D37011;СбытЭЭ (Прионежск;Блок  сбыта электроэнергии (Прионежский
D37012;КорЗащ (Прионежск;Блок по корпоративной защите (Прионежски
D37013;ОплТруда (Прионеж;Блок по оплате труда (Прионежский район)
D37014;ПодгКадр (Прионеж;Блок по подготовке кадров (Прионежский р
D37015;Соц-труд (Прионеж;Блок социально-трудовых отн. (Прионежски
D37016;РесуОб (Прионежск;Блок по ресурсообеспечению (Прионежский
D37017;СкладЛог (Прионеж;Блок складской логистики (Прионежский ра
D37018;Трансп (Прионежск;Блок по транспорту (Прионежский район)
D37019;Эконом (Прионежск;Блок по экономике  (Прионежский район)
D37020;УпрИмущ (Прионежс;Блок управления имуществом (Прионежский
D37021;Финансы (Прионежс;Финансовый блок (Прионежский район)
D37022;Бухгалт (Прионежс;Бухгалтерия (Прионежский район)
D37023;Развитие (Прионеж;Блок по развитию (Прионежский район)
D37024;КапСтрой (Прионеж;Блок по кап. строительству (Прионежский
D37025;Технический(Прионежс;Технический(Прионежский район)
D380;Пряжинский район;Пряжинский район
D38001;Апп. ГД (Пряжинск;Блок апп. ген. дир. (Пряжинский район)
D38002;ПравВопр (Пряжинс;Блок по правов. вопр. (Пряжинский район)
D38003;СвязОбщ (Пряжинск;Блок по связям с общест. (Пряжин. район)
D38004;АдмСерв (Пряжинск;Административно-серв. блок (Пряж.район)
D38005;ГО и ЧС (Пряжинск;Блок по ГО и ЧС (Пряжинский район)
D38006;Ремонт (Пряжинск.;Блок по ремонтам (Пряжинский район)
D38007;Экспл.ТЭ (Пряжинс;Блок по эксплуатации (Пряжинский район)
D38008;Произв (Пряжинск.;Производственный блок (Пряжинский район)
D38009;Метролог (Пряжинс;Блок метрологии (Пряжинский район)
D38010;СбытТЭ (Пряжинск.;Блок сб. тепл. энерг. (Пряжинский район)
D38011;СбытЭЭ (Пряжинск.;Блок  сбыта электроэнергии (Пряжинский р
D38012;КорЗащ (Пряжинск.;Блок по корпоративной защите (Пряж. р.)
D38013;ОплТруда (Пряжинс;Блок по оплате труда (Пряжинский район)
D38014;ПодгКадр (Пряжинс;Блок по подготовке кадров (Пряж. район)
D38015;Соц-труд (Пряжинс;Блок социально-трудовых отн. (Пряж. р.)
D38016;РесуОб (Пряжинск.;Блок по ресурсообеспечению (Пряжинский р
D38017;СкладЛог (Пряжинс;Блок складской логистики (Пряж. район)
D38018;Трансп (Пряжинск.;Блок по транспорту (Пряжинский район)
D38019;Эконом (Пряжинск.;Блок по экономике  (Пряжинский район)
D38020;УпрИмущ (Пряжинск;Блок управления имуществом (Пряж. район)
D38021;Финансы (Пряжинск;Финансовый блок (Пряжинский район)
D38022;Бухгалт (Пряжинск;Бухгалтерия (Пряжинский район)
D38023;Развитие (Пряжинс;Блок по развитию (Пряжинский район)
D38024;КапСтрой (Пряжинс;Блок по кап. строительству (Пряжинский р
D38025;Технический(Пряжинск;Технический(Пряжинский район)
D400;Кольский;Кольский
D40001;Апп. ГД(Кольский);Апп. ГД(Кольский)
D40002;ПравВопр(Кольский);ПравВопр(Кольский)
D40003;СвязОбщ.(Кольский);СвязОбщ.(Кольский)
D40004;АдмСерв(Кольский);АдмСерв(Кольский)
D40005;ГО и ЧС(Кольский);ГО и ЧС(Кольский)
D40006;Ремонт.(Кольский);Ремонт.(Кольский)
D40007;Эксплуат.(Кольский);Эксплуат.(Кольский)
D40008;Произв.(Кольский);Произв.(Кольский)
D40009;Метролог(Кольский);Метролог(Кольский)
D40010;СбытТЭ(Кольский);СбытТЭ(Кольский)
D40011;СбытЭЭ(Кольский);СбытЭЭ(Кольский)
D40012;КорпЗащит(Кольский);КорпЗащит(Кольский)
D40013;ОплТруда(Кольский);ОплТруда(Кольский)
D40014;ПодгКадр(Кольский);ПодгКадр(Кольский)
D40015;Соц-труд(Кольский);Соц-труд(Кольский)
D40016;Ресурсооб(Кольский);Ресурсооб(Кольский)
D40017;СкладЛог(Кольский);СкладЛог(Кольский)
D40018;Транспорт(Кольский);Транспорт(Кольский)
D40019;Эконом. (Кольский);Эконом. (Кольский)
D40020;УпрИмущ(Кольский);УпрИмущ(Кольский)
D40021;Финансы(Кольский);Финансы(Кольский)
D40022;Бухгалт.(Кольский);Бухгалт.(Кольский)
D40023;Развитие(Кольский);Блок по развитию (Управ. фил. Кольский)
D40024;КапСтрой(Кольский);КапСтрой(Кольский)
D40025;Тех(Кольский);Технический(Управление филиала Кольский)
D420;Каскад Нивских ГЭС;Каскад Нивских ГЭС
D42001;Апп. ГД(НивскиеГЭС);Апп. ГД(НивскиеГЭС)
D42002;ПравВопр(НивскиеГЭС);ПравВопр(НивскиеГЭС)
D42003;СвязОбщ.(НивскиеГЭС);СвязОбщ.(НивскиеГЭС)
D42004;АдмСерв(НивскиеГЭС);АдмСерв(НивскиеГЭС)
D42005;ГО и ЧС(НивскиеГЭС);ГО и ЧС(НивскиеГЭС)
D42006;Ремонт.(НивскиеГЭС);Ремонт.(НивскиеГЭС)
D42007;Эксплуат.(НивскиеГЭС;Эксплуат.(НивскиеГЭС)
D42008;Произв.(НивскиеГЭС);Произв.(НивскиеГЭС)
D42009;Метролог(НивскиеГЭС);Метролог(НивскиеГЭС)
D42010;СбытТЭ(НивскиеГЭС);СбытТЭ(НивскиеГЭС)
D42011;СбытЭЭ(НивскиеГЭС);СбытЭЭ(НивскиеГЭС)
D42012;КорпЗащит(НивскиеГЭС;КорпЗащит(НивскиеГЭС)
D42013;ОплТруда(НивскиеГЭС);ОплТруда(НивскиеГЭС)
D42014;ПодгКадр(НивскиеГЭС);ПодгКадр(НивскиеГЭС)
D42015;Соц-труд(НивскиеГЭС);Соц-труд(НивскиеГЭС)
D42016;Ресурсооб(НивскиеГЭС;Ресурсооб(НивскиеГЭС)
D42017;СкладЛог(НивскиеГЭС);СкладЛог(НивскиеГЭС)
D42018;Транспорт(НивскиеГЭС;Транспорт(НивскиеГЭС)
D42019;Эконом. (НивскиеГЭС);Эконом. (НивскиеГЭС)
D42020;УпрИмущ(НивскиеГЭС);УпрИмущ(НивскиеГЭС)
D42021;Финансы(НивскиеГЭС);Финансы(НивскиеГЭС)
D42022;Бухгалт.(НивскиеГЭС);Бухгалт.(НивскиеГЭС)
D42023;Развитие(НивскиеГЭС);Развитие(НивскиеГЭС)
D42024;КапСтрой(НивскиеГЭС);КапСтрой(НивскиеГЭС)
D42025;Тех(НивскиеГЭС);Технический (Каскад Нивских ГЭС)
D430;Каскад Пазских ГЭС;Каскад Пазских ГЭС
D43001;Апп. ГД(ПазскиеГЭС);Апп. ГД(ПазскиеГЭС)
D43002;ПравВопр(ПазскиеГЭС);ПравВопр(ПазскиеГЭС)
D43003;СвязОбщ.(ПазскиеГЭС);СвязОбщ.(ПазскиеГЭС)
D43004;АдмСерв(ПазскиеГЭС);АдмСерв(ПазскиеГЭС)
D43005;ГО и ЧС(ПазскиеГЭС);ГО и ЧС(ПазскиеГЭС)
D43006;Ремонт.(ПазскиеГЭС);Ремонт.(ПазскиеГЭС)
D43007;Эксплуат.(ПазскиеГЭС;Эксплуат.(ПазскиеГЭС)
D43008;Произв.(ПазскиеГЭС);Произв.(ПазскиеГЭС)
D43009;Метролог(ПазскиеГЭС);Метролог(ПазскиеГЭС)
D43010;СбытТЭ(ПазскиеГЭС);СбытТЭ(ПазскиеГЭС)
D43011;СбытЭЭ(ПазскиеГЭС);СбытЭЭ(ПазскиеГЭС)
D43012;КорпЗащит(ПазскиеГЭС;КорпЗащит(ПазскиеГЭС)
D43013;ОплТруда(ПазскиеГЭС);ОплТруда(ПазскиеГЭС)
D43014;ПодгКадр(ПазскиеГЭС);ПодгКадр(ПазскиеГЭС)
D43015;Соц-труд(ПазскиеГЭС);Соц-труд(ПазскиеГЭС)
D43016;Ресурсооб(ПазскиеГЭС;Ресурсооб(ПазскиеГЭС)
D43017;СкладЛог(ПазскиеГЭС);СкладЛог(ПазскиеГЭС)
D43018;Транспорт(ПазскиеГЭС;Транспорт(ПазскиеГЭС)
D43019;Эконом. (ПазскиеГЭС);Эконом. (ПазскиеГЭС)
D43020;УпрИмущ(ПазскиеГЭС);УпрИмущ(ПазскиеГЭС)
D43021;Финансы(ПазскиеГЭС);Финансы(ПазскиеГЭС)
D43022;Бухгалт.(ПазскиеГЭС);Бухгалт.(ПазскиеГЭС)
D43023;Развитие(ПазскиеГЭС);Развитие(ПазскиеГЭС)
D43024;КапСтрой(ПазскиеГЭС);КапСтрой(ПазскиеГЭС)
D43025;Тех(ПазскиеГЭС);Технический (Каскад Пазских ГЭС)
D440;Каскад ТуломскСерГЭС;Каскад ТуломскСерГЭС
D44001;Апп. ГД(Туломск.ГЭС);Апп. ГД(Туломск.ГЭС)
D44002;ПравВопр(Туломск.ГЭС;ПравВопр(Туломск.ГЭС)
D44003;СвязОбщ.(Туломск.ГЭС;СвязОбщ.(Туломск.ГЭС)
D44004;АдмСерв(Туломск.ГЭС);АдмСерв(Туломск.ГЭС)
D44005;ГО и ЧС(Туломск.ГЭС);ГО и ЧС(Туломск.ГЭС)
D44006;Ремонт.(Туломск.ГЭС);Ремонт.(Туломск.ГЭС)
D44007;Эксплуат.(Туломск.ГЭ;Эксплуат.(Туломск.ГЭС)
D44008;Произв.(Туломск.ГЭС);Произв.(Туломск.ГЭС)
D44009;Метролог(Туломск.ГЭС;Метролог(Туломск.ГЭС)
D44010;СбытТЭ(Туломск.ГЭС);СбытТЭ(Туломск.ГЭС)
D44011;СбытЭЭ(Туломск.ГЭС);СбытЭЭ(Туломск.ГЭС)
D44012;КорпЗащит(Туломск.ГЭ;КорпЗащит(Туломск.ГЭС)
D44013;ОплТруда(Туломск.ГЭС;ОплТруда(Туломск.ГЭС)
D44014;ПодгКадр(Туломск.ГЭС;ПодгКадр(Туломск.ГЭС)
D44015;Соц-труд(Туломск.ГЭС;Соц-труд(Туломск.ГЭС)
D44016;Ресурсооб(Туломск.ГЭ;Ресурсооб(Туломск.ГЭС)
D44017;СкладЛог(Туломск.ГЭС;СкладЛог(Туломск.ГЭС)
D44018;Транспорт(Туломск.ГЭ;Транспорт(Туломск.ГЭС)
D44019;Эконом. (Туломск.ГЭС;Эконом. (Туломск.ГЭС)
D44020;УпрИмущ(Туломск.ГЭС);УпрИмущ(Туломск.ГЭС)
D44021;Финансы(Туломск.ГЭС);Финансы(Туломск.ГЭС)
D44022;Бухгалт.(Туломск.ГЭС;Бухгалт.(Туломск.ГЭС)
D44023;Развитие(Туломск.ГЭС;Развитие(Туломск.ГЭС)
D44024;КапСтрой(Туломск.ГЭС;КапСтрой(Туломск.ГЭС)
D44025;Тех(Туломск.ГЭС);Технический (Каскад ТуломскСеребрян.ГЭС)
D461;Апатитская ТЭЦ;Апатитская ТЭЦ
D46101;Апп. ГД(Апатит.ТЭЦ);Апп. ГД(Апатит.ТЭЦ)
D46102;ПравВопр(Апатит.ТЭЦ);ПравВопр(Апатит.ТЭЦ)
D46103;СвязОбщ.(Апатит.ТЭЦ);СвязОбщ.(Апатит.ТЭЦ)
D46104;АдмСерв(Апатит.ТЭЦ);АдмСерв(Апатит.ТЭЦ)
D46105;ГО и ЧС(Апатит.ТЭЦ);ГО и ЧС(Апатит.ТЭЦ)
D46106;Ремонт.(Апатит.ТЭЦ);Ремонт.(Апатит.ТЭЦ)
D46107;Эксплуат.(Апатит.ТЭЦ;Эксплуат.(Апатит.ТЭЦ)
D46108;Произв.(Апатит.ТЭЦ);Произв.(Апатит.ТЭЦ)
D46109;Метролог(Апатит.ТЭЦ);Метролог(Апатит.ТЭЦ)
D46110;СбытТЭ(Апатит.ТЭЦ);СбытТЭ(Апатит.ТЭЦ)
D46111;СбытЭЭ(Апатит.ТЭЦ);СбытЭЭ(Апатит.ТЭЦ)
D46112;КорпЗащит(Апатит.ТЭЦ;КорпЗащит(Апатит.ТЭЦ)
D46113;ОплТруда(Апатит.ТЭЦ);ОплТруда(Апатит.ТЭЦ)
D46114;ПодгКадр(Апатит.ТЭЦ);ПодгКадр(Апатит.ТЭЦ)
D46115;Соц-труд(Апатит.ТЭЦ);Соц-труд(Апатит.ТЭЦ)
D46116;Ресурсооб(Апатит.ТЭЦ;Ресурсооб(Апатит.ТЭЦ)
D46117;СкладЛог(Апатит.ТЭЦ);СкладЛог(Апатит.ТЭЦ)
D46118;Транспорт(Апатит.ТЭЦ;Транспорт(Апатит.ТЭЦ)
D46119;Эконом. (Апатит.ТЭЦ);Эконом. (Апатит.ТЭЦ)
D46120;УпрИмущ(Апатит.ТЭЦ);УпрИмущ(Апатит.ТЭЦ)
D46121;Финансы(Апатит.ТЭЦ);Финансы(Апатит.ТЭЦ)
D46122;Бухгалт.(Апатит.ТЭЦ);Бухгалт.(Апатит.ТЭЦ)
D46123;Развитие(Апатит.ТЭЦ);Развитие(Апатит.ТЭЦ)
D46124;КапСтрой(Апатит.ТЭЦ);КапСтрой(Апатит.ТЭЦ)
D46125;Тех(Апатитская ТЭЦ);Технический (Апатитская ТЭЦ)
T001;Техническое ПФМ;Техническое ПФМ
T002;Техническое ПФМ - 2;Техническое ПФМ - 2