Љ®¤ ва ­§ ЄжЁЁ;’ҐЄбв;Ќ Їа ў«Ґ­ЁҐ
/BITE/ACCSTMT;Ѓ ­Є®ўбЄЁҐ ўлЇЁбЄЁ;ЃЌ“
/ISDFPS/TOE2;ЋаЈ ­Ё§ жЁ®­­ п бвагЄвга  Ё § ¤ зЁ;ЃЌ“
ABUMN;ЏҐаҐ¬ҐйҐ­ЁҐ ў­гваЁ Ѓ…;ЃЌ“
AC02;Ћб­®ў­лҐ § ЇЁбЁ а Ў®в/гб«гЈ;“‘Њ’ђ
AC03;Ћб­®ў­лҐ § ЇЁбЁ а Ў®в/гб«гЈ;“‘Њ’ђ
AC06;Џа®б¬. бЇЁбЄ : ®б­. § ЇЁбм а Ў./гб«.;“‘Њ’ђ
ACACACT;ђ ббзЁв вм Ё Їа®ўҐбвЁ а §Ја ­ЁзҐ­Ёп;ЃЌ“
ACACTREE01;‘®§¤ вм ®ЎкҐЄвл а §Ја ­ЁзҐ­Ёп;ЃЌ“
ACACTREE02;ЋЎа Ў®в вм ®ЎкҐЄвл а §Ја ­ЁзҐ­Ёп;ЃЌ“
AFBP;ѓҐ­Ґа жЁп ¦га­ «  Џа®ў®¤®ЄЂ¬®авЁ§ ж;ЃЌ“
AS02;€§¬Ґ­Ґ­ЁҐ Ћб­‡ ЇЁбЁ Ћб­‘аҐ¤бвў ;ЃЌ“
AS03;Џа®б¬®ва ®б­®ў­®© § ЇЁбЁ Ћб­‘аҐ¤бвў ;ЃЌ“
AS05;Ѓ«®ЄЁа®ў ­ЁҐ Ћб­‡ ЇЁбЁ Ћб­‘аҐ¤бвў ;ЃЌ“
AS06;“¤ «Ґ­ЁҐ/ЊҐвЄ “¤ «Ґ­ Ћб­‡ ЇЁбЁ Ћб­‘а;ЃЌ“
AW01N;Џа®ў®¤­ЁЄ “зҐв  ®б­®ў­ле баҐ¤бвў;ЃЌ“
BUP3;Џа®б¬®ва ¤Ґ«®ў®Ј® Ї ав­Ґа ;Ќ‘€
CASE;CA-гЇа ў«Ґ­ЁҐ: ЈагЇЇЁа. вЁЇ®ў а®«Ґ©;‚„
CJ02;€§¬Ґ­Ґ­ЁҐ бвагЄвга­®Ј® Ї« ­  Їа®ҐЄв ;“€
CJ03;Џа®б¬®ваҐвм бвагЄвга­л© Ї« ­ Їа®ҐЄв ;“€
CJ13;Џа®б¬®ва ‘ЏЏ-н«Ґ¬Ґ­в ;“€
CJ20;‘вагЄвга­®Ґ Ї« ­Ёа®ў ­ЁҐ;“€
CJ20N;Project Builder;“€
CJ27;Љ «Ґ­¤ а­л© Ја дЁЄ Їа®ҐЄв ;“€
CJ2B;Љ «Ґ­¤ѓа дЁЄ Їа®ҐЄв : Ё§¬Ґ­Ґ­ЁҐ;“€
CJ2C;Љ «Ґ­¤ а­л© Ја дЁЄ Їа®ҐЄв : Їа®б¬®ва;“€
CJ31;Џа®б¬®ва Ёбе®¤­®Ј® Ўо¤¦Ґв  Їа®ҐЄв ;“€
CJ88;” Євђ бзҐв: Џа®ҐЄвл / ‘ҐвҐўѓа дЁЄЁ;“€
CJI3;” Єв‡ ва вл Ћв¤Џ®§ЁжЁ© Їа®ҐЄв®ў;“€
CJID;Џа®б¬®ва а бзҐв  Ї® Ћв¤Џ§ж Їа®ҐЄв®ў;“€
CKMB;Џа®б¬®ва ¤®Є-в  аҐЈЁбва  ¬ вҐаЁ «®ў;““
CKMS;„®Єг¬Ґ­вл аҐЈЁбва  Є ¬ вҐаЁ «г;““
CL02;“Їа ў«Ґ­ЁҐ Є« бб ¬Ё;NONE
CL20N;ЏаЁбў®Ґ­Ёп ®ЎкҐЄв ;NONE
CL24N;ЏаЁбў®Ґ­Ёп Є« бб ;NONE
CN05;Џа®б¬®ва Є в «®Ј  PS-вҐЄбв®ў;“€
CN23;Џа®б¬®ва ‘ҐвҐўѓа дЁЄ;“€
CN41N;ЋЎ§®а бвагЄвгал Їа®ҐЄв ;“€
CN43;ЋЎ§®а: ‘ЏЏ-н«Ґ¬Ґ­вл;“€
CN43N;ЋЎ§®а: ‘ЏЏ-н«Ґ¬Ґ­вл;“€
CN44N;ЋЎ§®а: Ї« ­®ўлҐ § Є §л;“€
CN47N;ЋЎ§®а: ®ЇҐа жЁЁ/н«Ґ¬Ґ­вл;“€
CN72;‘®§¤ ­ЁҐ ўҐабЁЁ Їа®ҐЄв ;“€
CR01;‘®§¤ вм ђ ЎЊҐбв®;’ЋЁђ
CR02;€§¬Ґ­Ёвм ђ ЎЊҐбв®;’ЋЁђ
CR03;Џа®б¬®ва ђ ЎЊҐбв ;’ЋЁђ
CV01N;‘®§¤ вм ¤®Єг¬Ґ­в;’ЋЁђ
CV02N;€§¬Ґ­Ёвм ¤®Єг¬Ґ­в;’ЋЁђ
CV03N;Џа®б¬®ва ¤®Єг¬Ґ­в ;’ЋЁђ
CV04N;Џ®ЁбЄ ¤®Єг¬Ґ­в ;’ЋЁђ
ECH_MONI_SEL;‚лЎ®а ®Ўа Ў. ®иЁЎ®Є Ё Є®­д«ЁЄв®ў;Ѓ §Ёб
F.01;ABAP/4-®взҐв: Ў « ­б;ЃЌ“
F.80;Њ бб®ў®Ґ бв®а­® ¤®Єг¬Ґ­в®ў;ЃЌ“
F110;Џ а ¬Ґвал ¤«п  ўв®¬ в. Ї« вҐ¦ ;ЃЌ“
F-32;‚ла ў­Ёў ­ЁҐ бзҐв  ¤ҐЎЁв®а ;ЃЌ“
F-44;‚ла ў­Ёў ­ЁҐ бзҐв  ЄаҐ¤Ёв®а ;ЃЌ“
FAGLB03;Џа®б¬®ва б «м¤®;ЃЌ“
FAGLB03A;Џа®б¬®ва б «м¤®;ЃЌ“
FAGLGVTR;ѓ« ў­ п Є­ЁЈ : ЇҐаҐ­®б б «м¤®;ЃЌ“
FAGLL03;Ћв¤. Ї®§ЁжЁЁ ®б­®ў­ле бзҐв®ў (­®ў.);ЃЌ“
FB00;ЋЇжЁЁ ®Ўа Ў®вЄЁ ¤«п ЎгеЈ «вҐаЁЁ;ЃЌ“
FB01;Џа®ў®¤Є  ¤®Єг¬Ґ­в ;ЃЌ“
FB02;€§¬Ґ­Ёвм ¤®Єг¬Ґ­в;ЃЌ“
FB03;Џа®б¬®ва ¤®Єг¬Ґ­в ;ЃЌ“
FB05;Џа®ў®¤Є  б ўла ў­Ёў ­ЁҐ¬;ЃЌ“
FB08;‘в®а­Ёа„®Єг¬Ґ­в;ЃЌ“
FB11;Џа®ў®¤Є  ‚аҐ¬‘®еа ­„®Єг¬Ґ­в ;ЃЌ“
FB41;Џа®ў®¤Є  Ќ «®Ј„®«Ј”Ё­ЋаЈ;ЃЌ“
FB50;Џа®ў®¤Є  Ї® Ћ‘з: ва ­§ ЄжЁп 1 нЄа ­ ;ЃЌ“
FB60;‚ў®¤ ўе®¤пйЁе бзҐв®ў;ЃЌ“
FBCJ;Љ бб®ў п Є­ЁЈ ;ЃЌ“
FBL1N;CЇЁб®Є ®в¤Ґ«м­ле Ї®§ЁжЁ© ЄаҐ¤Ёв®а®ў;ЃЌ“
FBL3N;CЇЁб®Є ®в¤Ґ«м­ле Ї®§ЁжЁ© ®б­. бзҐв®ў;ЃЌ“
FBL5N;CЇЁб®Є ®в¤Ґ«м­ле Ї®§ЁжЁ© ¤ҐЎЁв®а®ў;ЃЌ“
FBRA;Ћв¬Ґ­  ўла ў­Ёў ­Ёп;ЃЌ“
FC11;‚лЎ®аЄ  ¤«п FI-ЇҐаҐ­®б ;ЃЌ“
FD03;Џа®б¬®ва ¤ҐЎЁв®а  (ЎгеЈ «вҐаЁп);ЃЌ“
FD10N;Џа®б¬®ва б «м¤® ¤ҐЎЁв®а®ў;ЃЌ“
FD10NA;Џа®б¬. б «м¤® ¤ҐЎЁв®а®ў б а Ў. бЇЁб.;ЃЌ“
FEBAN;„®Ї. ®Ўа Ў®вЄ  ўлЇЁб®Є Ё§ бзҐв ;ЃЌ“
FF67;‚лЇЁбЄ  Ё§ бзҐв  ўагз­го;ЃЌ“
FK03;Џа®б¬®ва ЄаҐ¤Ёв®а  (ЎгеЈ «вҐаЁп);ЃЌ“
FK06;ЊвЄ“¤ «Ґ­Ёп/ЄаҐ¤Ёв®а (ЎгеЈ «вҐаЁп);ЃЌ“
FK10N;Џа®б¬®ва б «м¤® ЄаҐ¤Ёв®а®ў;ЃЌ“
FK10NA;Џа®б¬®ва б «м¤® ЄаҐ¤Ёв®а®ў;ЃЌ“
FKK_CORR_HISTORY;Џа®б¬®ва Ёбв®аЁЁ Є®ааҐбЇ®­¤Ґ­жЁЁ;ЃЌ“
FM03;Џа®б¬®ва ¤®Єг¬Ґ­в  ”Њ;“”
FM5S;FIFM: Їа®б¬®ва д®­¤ ;“”
FMCIE;Џа®б¬®ва дЁ­. Ї®§ЁжЁЁ: ЁҐа аеЁп;“”
FMDERIVE;“Ѓ-ЇаЁбў®Ґ­ЁҐ ®ЎкҐЄв®ў - ­ бва®©Є ;“”
FMSE;Џа®б¬®ва ў аЁ ­в  ЁҐа аеЁЁ/Џ”Њ;“”
FMW3;Џа®б¬®ва Ў«®ЄЁа®ў ­Ёп баҐ¤бвў;“”
FMX3;Џа®б¬®ва аҐ§ҐаўЁа®ў ­Ёп баҐ¤бвў;“”
FS00;‚Ґ¤Ґ­ЁҐ ®б­®ў­ле ¤ ­­ле ®б­. бзҐв®ў;“”
FS10N;Џа®б¬®ва б «м¤®;“”
FTR_CREATE;‘®§¤ ­ЁҐ б¤Ґ«ЄЁ ¤«п (TR-TM);“”
FTR_EDIT;ЋЎа Ў®вЄ  б¤Ґ«ЄЁ: дЁ­ ­б. ¬Ґ­Ґ¤¦¬Ґ­в;“”
GD22;ѓЁЎЄ п ѓЉ: Їа®б¬®ва д Єв. ¤®Єг¬Ґ­в®ў;ЃЌ“
IA01;‘®§¤ вм ’ҐеЉ авг …¤ЋЎ®аг¤®ў ­Ёп;’ЋЁђ
IA07;Џа®б¬®ваҐвм Ё­бвагЄжЁо;’ЋЁђ
IA09;Џа®б¬®ваҐвм ’ҐеЉ авл;’ЋЁђ
IA13;Џа®б¬®ваҐвм ’Ґе­®«Љ авг ’ҐеЊҐбв ;’ЋЁђ
IB03;Џа®б¬®ва бЇҐжЁдЁЄ жЁЁ …¤ЋЎ®аг¤®ў ­Ёп;’ЋЁђ
IE01;‘®§¤ вм Ґ¤Ё­Ёжг ®Ў®аг¤®ў ­Ёп;’ЋЁђ
IE02;€§¬Ґ­Ёвм Ґ¤Ё­Ёжг ®Ў®аг¤®ў ­Ёп;’ЋЁђ
IE03;Џа®б¬®ваҐвм Ґ¤Ё­Ёжг ®Ў®аг¤®ў ­Ёп;’ЋЁђ
IH01;ЏаҐ¤бв ў«Ґ­ЁҐ бвагЄвгал ’ҐеЊҐбв ;’ЋЁђ
IH03;‘вагЄвга­®Ґ ЇаҐ¤бв ў«Ґ­ЁҐ …Ћ;’ЋЁђ
IH05;ЏаҐ¤бв ў«Ґ­ЁҐ бвагЄвгал Њва«;’ЋЁђ
IH06;Џа®б¬®ваҐвм ’ҐеЊҐбв®;’ЋЁђ
IH08;Џа®б¬®ваҐвм Ґ¤Ё­Ёжг ®Ў®аг¤®ў ­Ёп;’ЋЁђ
IL01;‘®§¤ вм вҐе­. ¬Ґбв®;’ЋЁђ
IL02;€§¬Ґ­Ёвм ’ҐеЊҐбв®;’ЋЁђ
IL03;Џа®б¬®ваҐвм ’ҐеЊҐбв®;’ЋЁђ
IM11;‚ўҐбвЁ Ї®§ЁжЁо €­ўЏа®Ја ¬¬л;’ЋЁђ
IM12;€§¬Ґ­Ёвм Ї®§ЁжЁо €­ўЏа®Ја ¬¬л;“€
IM22;€§¬Ґ­Ёвм бвагЄвгаг €­ўЏа®Ја ¬¬л;“€
IM23;Џа®б¬®ва бвагЄвгал €­ўЏа®Ја ¬¬л;“€
IM32;€§¬Ґ­Ёвм Ўо¤¦Ґв/Ї®§ЁжЁп €­ўЏа®Ја ¬¬л;“€
IMA11;Ћв¤Ґ«м­ п ®Ўа Ў®вЄ ;“€
IMA2N;€§¬Ґ­Ґ­ЁҐ § пўЄЁ ­  €­ўЊҐа®ЇаЁпвЁҐ;“€
IMA3N;Џа®б¬®ва § пўЄЁ ­  €­ўЊҐа®ЇаЁпвЁҐ;“€
IN01;‘®§¤ вм б®Ґ¤Ё­Ґ­ЁҐ ®ЎкҐЄв®ў;’ЋЁђ
IP12;Џа®б¬®ва бва вҐЈЁ© ЇаҐ¤гЇаҐ¤Ёв. ’ЋђЋ;’ЋЁђ
IP16;Џа®б¬®ва Ї« ­  ЏаҐ¤гЇа’ЋђЋ;’ЋЁђ
IP18;Џа®б¬®ва Ї®§ЁжЁЁ ЇаҐ¤гЇаҐ¤. ’ЋђЋ;’ЋЁђ
IP24;ЋЎ§®а ба®Є®ў ЇаҐ¤.’ЋђЋ/”®а¬ в бЇЁбЄ ;’ЋЁђ
IP25;“бв ­®ўЄ  ¬ҐвЄЁ г¤ «Ґ­Ёп Ї« ­®ў ’ЋђЋ;’ЋЁђ
IP42;„®Ў ў«Ґ­ЁҐ Ї« ­  гЇа ў«. бва вҐЈЁҐ©;’ЋЁђ
IQS2;€§¬Ґ­Ґ­ЁҐ‘®®ЎйҐ­Ё© - ђ биЁаҐ­ђ Єгаб;’ЋЁђ
IQS22;ЋЎа Ў®вЄ  б®®ЎйҐ­Ёп - Їа®бв®© а Єгаб;’ЋЁђ
IQS23;Џа®б¬®ва б®®ЎйҐ­Ёп - Їа®бв®© а Єгаб;’ЋЁђ
IQS3;Џа®б¬®ва б®®ЎйҐ­Ё© - ђ биЁаҐ­ђ Єгаб;’ЋЁђ
IR03;Џа®б¬®ва ђ ЎЊҐбв ;’ЋЁђ
IW21;‘®§¤ ­ЁҐ б®®ЎйҐ­Ёп ’ЋђЋ - ЋЎйҐҐ;’ЋЁђ
IW22;€§¬Ґ­Ґ­ЁҐ б®®ЎйҐ­Ёп ’ЋђЋ;’ЋЁђ
IW23;Џа®б¬®ва б®®ЎйҐ­Ёп ’ЋђЋ;’ЋЁђ
IW26;‘®§¤ вм § пўЄг ­  ’ЋђЋ;’ЋЁђ
IW28;€§¬Ґ­Ґ­ЁҐ б®®ЎйҐ­Ё©;’ЋЁђ
IW29;Џа®б¬®ва б®®ЎйҐ­Ё©;’ЋЁђ
IW31;‘®§¤ ­ЁҐ § Є § ;’ЋЁђ
IW32;€‡Њ…Ќ…Ќ€… ‡ЂЉЂ‡Ђ;’ЋЁђ
IW33;Џа®б¬®ваҐвм § Є § ’ЋђЋ;’ЋЁђ
IW34;‡ Є § ’ЋђЋ ¤«п б®®ЎйҐ­Ёп ’ЋђЋ;’ЋЁђ
IW38;€§¬Ґ­Ґ­ЁҐ § Є §®ў ’ЋђЋ;’ЋЁђ
IW39;Џа®б¬®ва § Є §®ў ’ЋђЋ;’ЋЁђ
IW41;‚ў®¤ Ї®¤вўҐа¦¤Ґ­Ёп § Є §®ў ’ЋђЋ;’ЋЁђ
IW43;Џа®б¬®ва Ї®¤вўҐа¦¤Ґ­Ёп § Є §®ў ’ЋђЋ;’ЋЁђ
IW47;‘ЇЁб®Є Ї®¤вўҐа¦¤Ґ­Ё©;’ЋЁђ
IW49N;Џа®б¬®ва § Є §®ў Ё ®ЇҐа жЁ©;’ЋЁђ
IW62;€§¬Ґ­Ґ­ЁҐ § Є §  б Ёбв®аЁҐ©;’ЋЁђ
IW63;Џа®б¬®ваҐвм § Є § ’ЋђЋ б Ёбв®аЁҐ©;’ЋЁђ
IW70;‡ Є §л - ЋЎйЉ «Ґ­¤Џ« ­Ёа‘ҐвҐўѓа дЁЄ;’ЋЁђ
J3RALFOS3;O‘-3 ЂЄв ЏаЁҐ¬/‘¤ зЁ ЋваҐ¬ђҐЄ®­Њ®¤Ћ‘;ЃЌ“
J3RALFOS6;O‘-6 €­ўҐ­в. Є ав. гзҐв  ®ЎкҐЄв  Ћ‘;ЃЌ“
J3RALFTTAXCALC;ђ бзҐв ва ­бЇ®ав­®Ј® ­ «®Ј ;ЃЌ“
J3RFDEPRBONUS;ђ бзҐв  ¬®авЁ§ жЁ®­­®© ЇаҐ¬ЁЁ;ЃЌ“
J3RFKSLD;Ѓ « ­б ®Ў®а®в  ЄаҐ¤Ёв®а ;ЃЌ“
J3RFLVMOBVED;ЋЎ§®а § Ї б®ў (ђ®ббЁп);“‘Њ’ђ
J3RFSELB;Љ­ЁЈ  Їа®¤ ¦ (ђ®ббЁп);ЃЌ“
J3RKKRD;ЋЇаҐ¤Ґ«Ґ­ЁҐ Є®ааҐбЇ. бзҐв®ў;ЃЌ“
J3RKKRL;ЋЎ®а®в­ п ўҐ¤®¬®бвм, ‚‚ (ђ®ббЁп);ЃЌ“
KB11;ЏҐаҐ­®б ЇҐаўЁз­ле § ва в - ‚ў®¤;““
KB11N;ђгз­. ЇҐаҐ­®б § ва в - ўў®¤;““
KB13N;ђгз­. ЇҐаҐ­®б § ва в - Їа®б¬®ва;““
KB14N;ђгз­. ЇҐаҐ­®б § ва в - бв®а­®;““
KB15N;ђгз­. ЇҐаҐа бзҐв - ўў®¤;““
KB31N;‚ў®¤ бв вЁбвЁзҐбЄЁе Ї®Є § вҐ«Ґ©;““
KE21N;‚ў®¤ ®в¤Ґ«м­ле Ї®§ЁжЁ© CO-PA;““
KE53;Џа®б¬®ва Њ‚Џ;““
KEBC;€§¬Ґ­Ґ­ЁҐ …¤“зҐв ђҐ§г«мв;““
KJH2;€§¬Ґ­Ёвм ЈагЇЇл ‘ЏЏ-н«Ґ¬Ґ­в®ў;“€
KOK3;ѓагЇЇ®ў®© Їа®б¬®ва ‚­гваҐ­‡ Є §®ў;““
KS03;Џа®б¬®ва Њ‚‡;““
KSB1;Њ‚‡: Ћв¤Ґ«м­лҐ Ї®§ЁжЁЁ - ” Єв;““
KSV5;‚лЇ®«­Ґ­.” Єв-а бЇаҐ¤Ґ«Ґ­Ёп;““
LAST_SHORTDUMP;Џа®б¬®ва Ї®б«Ґ¤­ҐЈ® ЊЈ­®ўҐ­­„ ¬Ї ;Ѓ §Ёб
MB02;€§¬Ґ­Ёвм ¤®Єг¬Ґ­в ¬ вҐаЁ « ;“‘Њ’ђ
MB03;Џа®б¬®ваҐвм ¤®Єг¬Ґ­в ¬ вҐаЁ « ;“‘Њ’ђ
MB21;‘®§¤ ­ЁҐ аҐ§ҐаўЁа®ў ­Ёп;“‘Њ’ђ
MB51;‘ЇЁб®Є ¤®Єг¬Ґ­в®ў ¬ вҐаЁ « ;“‘Њ’ђ
MB52;‚Ґ¤®¬®бвм бЄ« ¤бЄЁе § Ї б®ў;“‘Њ’ђ
MB5B;‡ Ї бл ­  ¤ вг Їа®ў®¤ЄЁ;“‘Њ’ђ
MB5TD;‡ Ї б ў ЇгвЁ ­  Є®­ва®«м­го ¤ вг;“‘Њ’ђ
MB90;ЋЎа Ў‚ле®¤­„®Єг¬ ¤«п „®Єг¬Њва«;“‘Њ’ђ
MBBS;Џа®б¬®ва ®жҐ­Ґ­­®Ј® ®б®Ў®Ј® § Ї б ;“‘Њ’ђ
MC.1;Љ‡: ўлЎ®а  ­ «Ё§  § ў®¤ : § Ї бл;“‘Њ’ђ
MD04;Џа®б¬®ва б®бв®п­Ёп § Ї б®ў/Ї®ваҐЎ­.;“‘Њ’ђ
ME11;‘®§¤ ­ЁҐ Ё­д®-§ ЇЁбЁ;“‘Њ’ђ
ME13;Џа®б¬®ва Ё­д®-§ ЇЁбЁ;“‘Њ’ђ
ME21N;‘®§¤ ­ЁҐ § Є §  ­  Ї®бв ўЄг;“‘Њ’ђ
ME22N;€§¬Ґ­Ґ­ЁҐ § Є §  ­  Ї®бв ўЄг;“‘Њ’ђ
ME23;Џа®б¬®ва § Є §  ­  Ї®бв ўЄг;“‘Њ’ђ
ME23N;Џа®б¬®ваҐвм § Є § ­  Ї®бв ўЄг;“‘Њ’ђ
ME24;‚Ґ¤Ґ­ЁҐ ¤®Ї®«­Ґ­Ёп Є § Є §г;“‘Њ’ђ
ME28;„ҐЎ«®ЄЁа®ў вм § Є § ­  Ї®бв ўЄг;“‘Њ’ђ
ME29N;„ҐЎ«®ЄЁа®ў вм § Є § ­  Ї®бв ўЄг;“‘Њ’ђ
ME2L;‡ Є §л - Џ®бв ўйЁЄ;“‘Њ’ђ
ME2M;‡ Є §л - Њ вҐаЁ «;“‘Њ’ђ
ME2N;‡ Є §л - Ќ®¬Ґа § Є § ;“‘Њ’ђ
ME2S;“б«гЈЁ Є § Є §г ­  Ї®бв ўЄг;“‘Њ’ђ
ME2W;‡ Є §л - ‡ ў®¤-Ї®бв ўйЁЄ;“‘Њ’ђ
ME31K;‘®§¤ ­ЁҐ Є®­ва Єв ;“‘Њ’ђ
ME32K;€§¬Ґ­Ґ­ЁҐ Є®­ва Єв ;“‘Њ’ђ
ME33K;Џа®б¬®ва Є®­ва Єв ;“‘Њ’ђ
ME41;‘®§¤ ­ЁҐ § Їа®б ;“‘Њ’ђ
ME42;€§¬Ґ­Ґ­ЁҐ § Їа®б ;“‘Њ’ђ
ME43;Џа®б¬®ва § Їа®б ;“‘Њ’ђ
ME47;‚ў®¤ ЇаҐ¤«®¦Ґ­Ёп;“‘Њ’ђ
ME48;Џа®б¬®ва ЇаҐ¤«®¦Ґ­Ёп;“‘Њ’ђ
ME51;‘®§¤ ­ЁҐ § пўЄЁ;“‘Њ’ђ
ME51N;‘®§¤ ­ЁҐ § пўЄЁ;“‘Њ’ђ
ME52N;€§¬Ґ­Ґ­ЁҐ § пўЄЁ;“‘Њ’ђ
ME53N;Џа®б¬®ва § пўЄЁ;“‘Њ’ђ
ME55;ѓагЇЇ®ў®Ґ ¤ҐЎ«®ЄЁа®ў ­ЁҐ § пў®Є;“‘Њ’ђ
ME57;ЏаЁбў®Ґ­ЁҐ Ё ®Ўа Ў®вЄ  § пўЄЁ;“‘Њ’ђ
ME5A;Џа®б¬®ва бЇЁбЄ  § пў®Є;“‘Њ’ђ
ME5F;ЏаҐ¤гЇаҐ¦¤Ґ­ЁҐ ® ¤ҐЎ«®ЄЁа. § пўЄЁ;“‘Њ’ђ
ME5J;‡ пўЄЁ Є Їа®ҐЄвг;“‘Њ’ђ
ME5K;‡ пўЄЁ Є Є®­вЁа®ўЄҐ;“‘Њ’ђ
ME80FN;ЋЎйЁҐ  ­ «ЁвЁзҐбЄЁҐ ®взҐвл (F);“‘Њ’ђ
ME9F;‚лў®¤ ‚ле®¤­„®Є: § Є §л ­  Ї®бв ўЄг;“‘Њ’ђ
MEK1;‘®§¤ ­ЁҐ гб«®ўЁ© (§ ЄгЇЄЁ);“‘Њ’ђ
MEK3;Џа®б¬®ва гб«®ўЁ© (§ ЄгЇЄЁ);“‘Њ’ђ
MEMASSPO;Њ бб®ў®Ґ Ё§¬Ґ­Ґ­ЁҐ ‡Є§Ќ Џ®бв ўЄг;“‘Њ’ђ
MI03;Џа®б¬®ваҐвм ¤®Єг¬Ґ­в Ё­ўҐ­в аЁ§ жЁЁ;“‘Њ’ђ
MI22;Џа®б¬®ва „®Єг¬€­ўҐ­в Є ¬ вҐаЁ «г;“‘Њ’ђ
MI23;Џа®б¬®ва „ ­­€­ўҐ­в Є ¬ вҐаЁ «г;“‘Њ’ђ
MIGO;„ўЁ¦Ґ­ЁҐ ¬ вҐаЁ « ;“‘Њ’ђ
MIR4;‚л§®ў MIRO - бв вгб Ё§¬Ґ­Ґ­Ёп;“‘Њ’ђ
MIR5;Џа®б¬®ваҐвм бЇЁб®Є ¤®Єг¬Ґ­в®ў бзҐв ;“‘Њ’ђ
MIR7;ЏаҐ¤ў а. аҐЈЁбва жЁп ўе®¤пйҐЈ® бзҐв ;“‘Њ’ђ
MIRO;‚ў®¤ ўе®¤пйҐЈ® бзҐв ;“‘Њ’ђ
ML53;‘®§¤ вм гб«®ўЁп;“‘Њ’ђ
ML81N;“зҐв а Ў®в/гб«гЈ;“‘Њ’ђ
ML84;‘ЇЁб®Є ўҐ¤®¬®бвҐ© гзҐв  а Ў®в/гб«гЈ;“‘Њ’ђ
MM03;Џа®б¬®ва ¬ вҐаЁ «  &;“‘Њ’ђ
MM06;Џ®¬ҐвЄ  ¬ вҐаЁ «  ¤«п г¤ «Ґ­Ёп;“‘Њ’ђ
MM60;Љ в «®Ј ¬ вҐаЁ «®ў;“‘Њ’ђ
MMBE;ЋЎ§®а § Ї б®ў;“‘Њ’ђ
MR51;Њ вҐаЁ «: ®в¤Ґ«м­лҐ Ї®§ЁжЁЁ;“‘Њ’ђ
MSC3N;Џа®б¬®ва Ї авЁЁ;“‘Њ’ђ
OADR;SAP ArchiveLink: Џ®ЁбЄ‘ЇЁбЄ®ў„«пЏҐз;Ѓ §Ёб
OAOR;CҐаўЁб ЎЁ§­Ґб-¤®Єг¬Ґ­в®ў: ¤®Єг¬Ґ­вл;Ѓ §Ёб
OAWD;SAP ArchiveLink:  аеЁў жЁп ¤®Єг¬.;Ѓ §Ёб
OPS7;‚Ґ¤Ґ­ЁҐ ¤ ­­ле Ё­ЁжЁ в®а ;Ѓ §Ёб
OSS1;#Ќ/„;Ѓ §Ёб
PA20;Џа®б¬®ва ®б­®ў­ле ¤ ­­ле ЇҐаб®­ « ;Ќ‘€
PA30;‚Ґ¤Ґ­ЁҐ ®б­®ў­ле ¤ ­­ле ЇҐаб®­ « ;Ќ‘€
PA40;ЊҐа®ЇаЁпвЁп/ЇҐаб®­ «;Ќ‘€
PP01;‚Ґ¤Ґ­ЁҐ Џ« ­„ ­­ле (“Їа ў«Џ®ЊҐ­о);Ќ‘€
PP25;Џа®б¬®ваҐвм ЈагЇЇг Ї« ­Ёа®ў ­Ёп;Ќ‘€
PP27;„ҐЎ«®ЄЁа®ў ­ЁҐ ўҐабЁЁ Ї« ­Ёа®ў ­Ёп;Ќ‘€
PPOME;€§¬Ґ­Ёвм ®аЈ ­Ё§ жЁо Ё § ¬ҐйҐ­ЁҐ;Ќ‘€
RRMX;‡ ЇгбЄ Business Explorer Analyzer;Ѓ„
RSA1;Њ®¤Ґ«Ёа®ў ­ЁҐ - €­бва‘аҐ¤бвў  DW;Ѓ„
RSPFPAR;Џа®б¬®ва Ї а ¬Ґва  Їа®дЁ«п;Ѓ §Ёб
RSRT;‡ ЇгбЄ ¬®­Ёв®а  ®взҐв®ў;Ѓ §Ёб
RSSCD100_PFCG_USER;„«п ЇаЁбў®Ґ­Ёп а®«Ґ©;Ѓ §Ёб
RZ10;‚Ґ¤Ґ­ЁҐ Ї а ¬Ґва®ў Їа®дЁ«п;Ѓ §Ёб
RZ11;‚Ґ¤Ґ­ЁҐ Їа®дЁ«м­ле Ї а ¬Ґва®ў;Ѓ §Ёб
S_ALR_87010175;Џа®ўҐ¤Ґ­­ п  ¬®авЁ§ жЁп Ї® Њ‚‡;ЃЌ“
S_ALR_87011963;‡ Ї б ®б­®ў­ле баҐ¤бвў;ЃЌ“
S_ALR_87011964;‡ Ї б ®б­®ў­ле баҐ¤бвў;ЃЌ“
S_ALR_87011967;‡ Ї б ®б­®ў­ле баҐ¤бвў;ЃЌ“
S_ALR_87012004;Ђ¬®авЁ§ жЁ®­­лҐ ®взЁб«Ґ­Ёп;ЃЌ“
S_ALR_87012006;Ђ¬®авЁ§ жЁ®­­лҐ ®взЁб«Ґ­Ёп;ЃЌ“
S_ALR_87012050;Џ®бвгЇ«Ґ­Ёп ®б­®ў­ле баҐ¤бвў;ЃЌ“
S_ALR_87012082;‘ «м¤® ЄаҐ¤Ёв®а®ў ў® ў­гва. ў «овҐ;ЃЌ“
S_ALR_87012086;ЏҐаҐзҐ­м ЄаҐ¤Ёв®а®ў;ЃЌ“
S_ALR_87012172;‘ «м¤® ¤ҐЎЁв®а®ў ў® ‚­гва‚ «овҐ;ЃЌ“
S_ALR_87012179;ЏҐаҐзҐ­м ¤ҐЎЁв®а®ў;ЃЌ“
S_ALR_87012197;‘ЇЁб®Є ®в¤Ґ«м­ле Ї®§ЁжЁ© ¤ҐЎЁв®а®ў;ЃЌ“
S_ALR_87012289;Љ®¬Ї Єв­л© ¦га­ « ¤®Єг¬Ґ­в®ў;ЃЌ“
S_ALR_87012301;‘ «м¤® ®б­®ў­ле бзҐв®ў;ЃЌ“
S_ALR_87012943;Џ« ­ § пў®Є/Ўо¤¦Ґв ¬Ґа®ЇаЁпвЁ©;“€
S_ALR_87012945;ЋЎйЁ©/ѓ®¤®ў®© Ї« ­ Ё§ § пўЄЁ;“€
S_ALR_87012949;Џ« ­ § пў®Є/¬Ґа®ЇаЁпвЁ©;“€
S_ALR_87012993;‡ Є §: д Єв/Ї« ­/®вЄ«®­Ґ­ЁҐ;““
S_ALR_87013006;‡ Є §: ба ў­Ґ­ЁҐ Ї® ЇҐаЁ®¤ ¬ - Ї« ­;““
S_ALR_87013532;Џ« ­/д Єв/®вЄ«®­Ґ­ЁҐ;““
S_ALR_87013534;Џ« ­1/Џ« ­2/” Єв/ЋЎ«ЁЈ®;““
S_ALR_87013542;” Єв/®Ў«ЁЈ®/Ёв®Ј/Ї« ­ ў ‚«вЉ…;““
S_ALR_87013543;” Єв/Ї« ­/®вЄ«®­Ґ­ЁҐ  Ўб./®вЄ«. ў %;““
S_ALR_87013545;‘а ў­Ґ­ЁҐ Ї® ЇҐаЁ®¤ ¬/” Єв;““
S_ALR_87013557;Ѓо¤¦Ґв/д Єв/®вЄ«®­Ґ­ЁҐ;“€
S_ALR_87013611;Њ‚‡: д Єв/Ї« ­/®вЄ«®­Ґ­ЁҐ;““
S_BCE_68001393;Џ®«м§®ў вҐ«Ё Ї®  ¤аҐб­л¬ ¤ ­­л¬;Ѓ §Ёб
S_BCE_68001395;Џ®«м§®ў вҐ«Ё Ї® Љ®¬Ї«ҐЄбЉаЁвҐа‚лЎ®а ;Ѓ §Ёб
S_BCE_68001396;Џ®«м§®ў вҐ«Ё Ї® Љ®¬Ї«ҐЄбЉаЁвҐа‚лЎ®а ;Ѓ §Ёб
S_BCE_68001405;Џа®дЁ«Ё Ї® Ё¬Ґ­Ё Ї®«­®¬®зЁ©;Ѓ §Ёб
S_BCE_68001408;Џа®дЁ«Ё Ї® а®«п¬;Ѓ §Ёб
S_BCE_68001409;Џа®дЁ«Ё Ї® Љ®¬Ї«ҐЄб­ЉаЁвҐаЁп¬ ўлЎ®а ;Ѓ §Ёб
S_BCE_68001414;Џ®«­®¬®зЁп Ї® Љ®¬Ї«ҐЄб­ЉаЁв‚лЎ®а ;Ѓ §Ёб
S_BCE_68001417;Џ®«­®¬®зЁп Ї® Љ®¬Ї«ҐЄб­ЉаЁв‚лЎ®а ;Ѓ §Ёб
S_BCE_68001418;ђ®«Ё Ї® Ё¬Ґ­Ё а®«Ё;Ѓ §Ёб
S_BCE_68001419;ђ®«Ё Ї® ЇаЁбў®Ґ­Ёо Ї®«м§®ў вҐ«п;Ѓ §Ёб
S_BCE_68001420;ђ®«Ё Ї® ЇаЁбў®Ґ­Ёо ва ­§ ЄжЁ©;Ѓ §Ёб
S_BCE_68001424;ђ®«Ё Ї® ¤ в ¬ Ё§¬Ґ­Ґ­Ёп;Ѓ §Ёб
S_BCE_68001425;ђ®«Ё Ї® Є®¬Ї«ҐЄб­л¬ ЄаЁвҐаЁп¬;Ѓ §Ёб
S_BCE_68001426;’а ­§ ЄжЁЁ ¤«п Ї®«м§®ў в. б Їа®д.;Ѓ §Ёб
S_BCE_68001429;’а ­§ ЄжЁЁ ¤«п Ї®«м§®ў в. б Їа®д.;Ѓ §Ёб
S_BCE_68002041;‚лЇ®«­Ё¬лҐ ¤«п а®«Ё;Ѓ §Ёб
S_BCE_68002111;RSUSR008_009_NEW;Ѓ §Ёб
S_EBS_44000565;†га­ « бзҐв®ў (ђ®ббЁп);ЃЌ“
S00;Ља вЄ®Ґ б®®ЎйҐ­ЁҐ;NONE
SA38;ABAP-®взҐвл;NONE
SA39;SA38 ¤«п ва ­§ ЄжЁЁ Ї а ¬Ґва®ў;NONE
SBWP;SAP Business Workplace;NONE
SCASE;“Їа ў«Ґ­ЁҐ б«гз п¬Ё;NONE
SE11;ABAP-б«®ў ам: ўҐ¤Ґ­ЁҐ;NONE
SE36;Џ®бва®ЁвҐ«м «®ЈЁзҐбЄ®© Ў §л ¤ ­­ле;NONE
SE91;‚Ґ¤Ґ­ЁҐ б®®ЎйҐ­Ё©;NONE
SEARCH_SAP_MENU;Џ®ЁбЄ ў SAP-¬Ґ­о;NONE
SEARCH_USER_MENU;Џ®ЁбЄ ў Ї®«м§®ў вҐ«мбЄ®¬ ¬Ґ­о;NONE
SESSION_MANAGER;„ЁбЇҐвзҐа бҐ ­б®ў: Џа®б¬„ҐаҐў ЊҐ­о;NONE
SM30;‚л§®ў ўҐ¤Ґ­Ёп а Єгаб®ў;Ѓ §Ёб
SM37;ЋЎ§®а ўлЎ®аЄЁ § ¤ ­Ё©;Ѓ §Ёб
SM37C;ѓЁЎЄ п ўҐабЁп ўлЎ®а  § ¤ ­Ё©;Ѓ §Ёб
SM38;’а ­§ ЄжЁп гЇа ў«Ґ­Ёп queue;Ѓ §Ёб
SM59;RFC- ¤аҐб  (Їа®б¬®ва Ё ўҐ¤Ґ­ЁҐ);Ѓ §Ёб
SMEN;„ЁбЇҐвзҐа бҐ ­б®ў: Џа®б¬„ҐаҐў ЊҐ­о;Ѓ §Ёб
SMX;Џа®б¬®ва б®ЎбвўҐ­­ле § ¤ ­Ё©;Ѓ §Ёб
SO00;SAPoffice: Єа вЄ®Ґ б®®ЎйҐ­ЁҐ;NONE
SO01;SAPoffice ‚е®¤пй п Ї®зв ;NONE
SO02;SAPoffice €бе®¤пй п Ї®зв ;NONE
SO03;SAPoffice ‹Ёз­лҐ Ї ЇЄЁ;NONE
SO10;‘в ­¤ ав­лҐ вҐЄбвл SAPscript;NONE
SO23;SAPoffice: бЇЁбЄЁ  ¤аҐб в®ў;NONE
SP01;“Їа ў«Ґ­ЁҐ ўлў®¤®¬;NONE
SP02;Џа®б¬®ва § Їа®б®ў ў бЇг«;NONE
SPRO;Ќ бва®©Є  - ®Ўа Ў®вЄ  Їа®ҐЄв®ў;NONE
SQ01;SAP Query: ўҐ¤Ґ­ЁҐ queries;NONE
SSC1;Љ «Ґ­¤ ам ба®Є®ў SAP (б®Ўбвў.);NONE
START_REPORT;‡ ЇгбЄ ®взҐв ;NONE
SU01;‚Ґ¤Ґ­ЁҐ Ї®«м§®ў вҐ«Ґ©;Ѓ §Ёб
SU01D;Џа®б¬®ва Ї®«м§®ў вҐ«Ґ©;Ѓ §Ёб
SU3;‚Ґ¤Ґ­ЁҐ б®ЎбвўҐ­­ле ¤ ­­ле Ї®«м§®ў.;Ѓ §Ёб
SU51;‚Ґ¤Ґ­ЁҐ б®Ўбвў.  ¤аҐб  Ї®«м§®ў вҐ«п;Ѓ §Ёб
SU52;‚Ґ¤Ґ­ЁҐ б®Ўбвў. Ї а ¬Ґва®ў Ї®«м§®ў.;Ѓ §Ёб
SU53;Ђ­ «Ё§ Їа®ўҐаЄЁ Ї®«­®¬®зЁ©;Ѓ §Ёб
SU56;Ђ­ «Ё§ ЎгдҐа  Ї®«м§®ў вҐ«п;Ѓ §Ёб
SUIM;Џ®«м§. Ё­д®а¬ жЁ®­­ п бЁбвҐ¬ ;Ѓ §Ёб
SWDP;Џа®б¬®ва Ја дЁзҐбЄ®Ј® ¦га­ «  ЏЋ;Ѓ §Ёб
SWO_ASYNC;ЂбЁ­еа®­­л© ўл§®ў ¬Ґв®¤®ў ў ђЃЋ;Ѓ §Ёб
SWUI;‡ ЇгбЄ Ї®в®Є  ®ЇҐа жЁ©;Ѓ §Ёб
TBB1;‚лЇ®«­Ґ­ЁҐ Їа®ў®¤®Є;“”
TJ10;Ља вЄЁ© ¦га­ « дЁ­ ­б®ўле б¤Ґ«®Є;“”
TM_51;‘®§¤ ­ЁҐ Їа®жҐ­в­®© б¤Ґ«ЄЁ;“”
TM_52;€§¬Ґ­Ґ­ЁҐ Їа®жҐ­в­®© б¤Ґ«ЄЁ;“”
TM_53;Џа®б¬®ва Їа®жҐ­в­®© б¤Ґ«ЄЁ;“”
TM_54;ђ бзҐв Їа®жҐ­в­®© б¤Ґ«ЄЁ;“”
TM_55;‘в®а­® Їа®жҐ­в­®© б¤Ґ«ЄЁ;“”
TM_61;‘®§¤ ­ЁҐ ЄаҐ¤Ёв­®© гб«гЈЁ;“”
TM_62;€§¬Ґ­Ґ­ЁҐ ЄаҐ¤Ёв­®© гб«гЈЁ;“”
TM_63;Џа®б¬®ва ЄаҐ¤Ёв­®© гб«гЈЁ;“”
TM_64;ђ бзҐв ЄаҐ¤Ёв­®© гб«гЈЁ;“”
TPM1;‚лЇ®«­Ёвм ®жҐ­Єг;“”
TPM10;”ЁЄбЁа., Їа®ў®¤Є  Ё«Ё бв®а­. б¤Ґ«®Є;“”
TPM12;‘ЇЁб®Є Ї®§ЁжЁ© аҐЈЁбва  ”Њ;“”
TPM20;†га­ « Їа®ў®¤®Є;“”
TPM44;ђ §Ја ­ЁзђҐ§г«мв в®ў: дЁ­ ­б.Їа®¤гЄв;“”
TPM45;‘в®а­®, а §Ја ­ЁзҐ­ЁҐ аҐ§г«мв в®ў;“”
VA01;‘®§¤ ­ЁҐ § Є §  Є«ЁҐ­в ;“ЊЁ‘
VA02;€§¬Ґ­Ґ­ЁҐ § Є §  Є«ЁҐ­в ;“ЊЁ‘
VA03;Џа®б¬®ва § Є §  Є«ЁҐ­в ;“ЊЁ‘
VA05;‘ЇЁб®Є § Є §®ў;“ЊЁ‘
VA15;‘ЇЁб®Є § Їа®б®ў;“ЊЁ‘
VA41;‘®§¤ ­ЁҐ ¤®Ј®ў®а ;“ЊЁ‘
VA42;€§¬Ґ­Ёвм Є®­ва Єв;“ЊЁ‘
VA43;Џа®б¬®ва Є®­ва Єв ;“ЊЁ‘
VA45;‘ЇЁб®Є Є®­ва Єв®ў;“ЊЁ‘
VD03;Џа®б¬®ва ¤ҐЎЁв®а  (бЎлв);“ЊЁ‘
VF01;‘®§¤ вм д Євгаг;“ЊЁ‘
VF02;€§¬Ґ­Ёвм д Євгаг;“ЊЁ‘
VF03;Џа®б¬®ва д Євгал;“ЊЁ‘
VF04;ЋЎа Ў®вЄ  ђ Ў‘ЇЁбЄ  д Євга;“ЊЁ‘
VF05;‘ЇЁб®Є д Євга;“ЊЁ‘
VF07;Џа®б¬®ва д Євгал Ё§  аеЁў ;“ЊЁ‘
VF11;‘в®а­Ёа®ў ­ЁҐ д Євгал;“ЊЁ‘
VF31;‚ле®¤­лҐ ¤®Єг¬Ґ­вл д Євга;“ЊЁ‘
VFX3;‘ЇЁб®Є Ў«®ЄЁа®ў ­­ле д Євга;“ЊЁ‘
VK03;‘®§¤ вм ’ Ў«“б«®ўЁ©;“ЊЁ‘
VL01N;‘®§¤ ­ЁҐ Ёбе®¤пйҐ© Ї®бв ўЄЁ Є ‡Є§Љ«­;“ЊЁ‘
VL02N;€§¬Ґ­Ґ­ЁҐ Ёбе®¤пйҐ© Ї®бв ўЄЁ;“ЊЁ‘
VL03N;Џа®б¬®ва Ёбе®¤пйҐ© Ї®бв ўЄЁ;“ЊЁ‘
VL06F;ЋЎйЁ© бЇЁб®Є Ї®бв ў®Є - Ёбе.Ї®бв ўЄ ;“ЊЁ‘
VL06G;‘ЇЁб®Є Ёбе®¤пйЁе Ї®бв ў®Є - ЋЊ;“ЊЁ‘
VL06IF;‘ў®Ў®¤­л© ўлЎ®а ўе®¤пйЁе Ї®бв ў®Є;“ЊЁ‘
VL06O;Њ®­Ёв®а Ёбе®¤пйЁе Ї®бв ў®Є;“ЊЁ‘
VL09;‘в®а­® ®вЇгбЄ  ¬ вҐаЁ «  Ї® ­ Є« ¤­.;“ЊЁ‘
VL33N;Џа®б¬®ва ўе®¤пйҐ© Ї®бв ўЄЁ;“ЊЁ‘
XD01;‚ў®¤ ¤ҐЎЁв®а  (ж­ва«);Ќ‘€
XD03;Џа®б¬®ва ¤ҐЎЁв®а  (жҐ­ва «м­л©);Ќ‘€
XK03;Џа®б¬®ва ЄаҐ¤Ёв®а  (жҐ­ва«);Ќ‘€
Z_EBANKILLER;#Ќ/„;“‘Њ’ђ
Z_MASS_ZAYOK;#Ќ/„;“‘Њ’ђ
Z_VIRT_SKLD;#Ќ/„;“‘Њ’ђ
Z4MM0002;ЏҐаҐ ¤аҐб жЁп Ї®бв ў®Є Ї® «®в ¬;“‘Њ’ђ
ZD_1AA0034_LTAX;0034: ‡Ґ¬Ґ«м­л© ­ «®Ј;ЃЌ“
ZD_1AA0034_LTAX_DECL;0034: „ҐЄ« а жЁп Ї® §Ґ¬. ­ «®Јг;ЃЌ“
ZD_1AA0035_PTAX_CALC;0035: ђ бзсв ­ «®Ј  ­  Ё¬гйҐбвў®;ЃЌ“
ZD_1AA0035_PTAX_DECL;0035: „ҐЄ« а жЁп Ї® ­ «®Јг ­  Ё¬гй.;ЃЌ“
ZD_1AA0036_OKATOREG;0036: ЋЉЂ’Ћ-аҐЈЁ®­ (ва. ­ ): ўҐ¤Ґ­ЁҐ;ЃЌ“
ZD_1AA1008_LONGTXT;ЋвзҐв Ї®¤а®Ў­лҐ вҐЄбвл Є ав®зҐЄ Ћ‘;ЃЌ“
ZD_1BD0035;#Ќ/„;Ѓ„
ZD_1BD0036;#Ќ/„;Ѓ„
ZD_1FI0045;ЂЄв бўҐаЄЁ ў§ Ё¬­ле а бзҐв®ў;“‘Њ’ђ
ZD_1FI0124_REGINV;†га­ « гзҐв  бзҐв®ў-д Євга;“‘Њ’ђ
ZD_1FI1014;‡ Јаг§Є   ЈаҐЈЁа®ў ­­ле ¤ ­­ле Ї® ‡Џ;“‘Њ’ђ
ZD_1FI1041_REP;‘ «м¤® бзҐв , ¬Ґбв­ п ў «ов  Ї® Њ‚Џ;“‘Њ’ђ
ZD_1MM0039_VL33N;Џа®б¬®ваҐвм ўе®¤пйго Ї®бв ўЄг;“‘Њ’ђ
ZD_1SD0021;ЋаЈ ­Ё§ жЁп ¬ бб®ў®© а ббл«ЄЁ;“ЊЁ‘
ZD_1SD0021_SD70AV1A;sd70av1a;“ЊЁ‘
ZD_1SD0021_SD70AV3A;sd70av3a;“ЊЁ‘
ZD_1SD0026_SIGN;‚Ґ¤Ґ­ЁҐ в Ў«Ёжл ZT1SD0026_SIGN;“‘Њ’ђ
ZD_1SD0063;Љ®ЇЁа®ў ­ЁҐ д ©«®ў ¬Ґ¦¤г ‚• Ё SAP CS;“ЊЁ‘
ZD_1TE0007;#Ќ/„;Ѓ„
ZD_1TE0023;ЋвзҐв Їа®б¬®ва а®«Ґ©;NONE
ZD_1TE0026;”®а¬Ёа®ў ­ЁҐ Ё­¤ЁўЁ¤г «м­®© § пўЄЁ;NONE
ZD_AO_PRINT;ЏҐз в­ п д®а¬   ў ­б®ў®Ј® ®взҐв ;“‘Њ’ђ
ZD_OTVHR;Џ®бвгЇ«Ґ­ЁҐ ­  ®вўҐвбвў. еа ­Ґ­ЁҐ;“‘Њ’ђ
ZD_VOSHR;‚®§ўа в б ®вўҐвбвўҐ­­®Ј® еа ­Ґ­Ёп;“‘Њ’ђ
ZDEMAND;ЋвзҐв ?Џ®ваҐЎ­®бвм ў Њ’ђ?;“‘Њ’ђ
ZME55;„ҐЎ«®ЄЁа®ў ­ЁҐ § пў®Є;“‘Њ’ђ
ZMM0148;Њ бб®ў®Ґ ¤ҐЎ«®ЄЁа®ў ­ЁҐ § Є §®ў;“‘Њ’ђ
ZMV_ZZATR8;‚Ґ¤Ґ­ЁҐ ЈагЇЇЁа®ў®Є ђЃЏ\„ЃЏ;ЃЌ“
ZP_1AA1005_LTRAT2;‘в ўЄЁ §Ґ¬. ­ «®Ј  б ЋЉ’ЊЋ : ўҐ¤Ґ­ЁҐ;ЃЌ“
ZP_1AA1005_LTRATE;0030: ‘в ўЄЁ §Ґ¬. ­ «.: ўҐ¤Ґ­ЁҐ;ЃЌ“
ZPIR;ЏаҐвҐ­§Ё®­­®-ЁбЄ®ў п а Ў®в ;‚„
ZPRINTEA;‚лў®¤ ўле®¤­ле ¤®Єг¬Ґ­в®ў: § Їа®бл;‚„
ZPROVZAK;Џа®ўҐ¤Ґ­ЁҐ § ЄгЇ®з­ле Їа®жҐ¤га;“‘Њ’ђ
ZR_1AA0185;ЋвзҐв ”®а¬  €Ќ‚-3;ЃЌ“
ZR_1AA0246;ђҐЈЁбва ®б­®ў­ле баҐ¤бвў;ЃЌ“
ZR_1AA1011;ЋвзҐв Ї® Їа®ўҐ¤Ґ­­®©  ¬®ав.ЇаҐ¬ЁЁ;ЃЌ“
ZR_1AA1029;ЋвзҐв (PPE);ЃЌ“
ZR_1BD0027;#Ќ/„;Ѓ„
ZR_1BD0034;#Ќ/„;Ѓ„
ZR_1BL0006;ЂЄв Ё­ўҐ­в аЁ§ жЁЁ;ЃЌ“
ZR_1FI0014;ЏҐз вм бзҐв®ў-д Євга;ЃЌ“
ZR_1FI1050;ЋЎ®а®в­®-б «м¤®ў п ўҐ¤®¬®бвм;ЃЌ“
ZR_1FI1059;‚лЈаг§Є  ®взҐв®ў ў Excel;ЃЌ“
ZR_1FI1063;"ЋвзҐв ""Љ ав®зЄ  бзҐв """;ЃЌ“
ZR_1GL1008_TAXVERIFY;‚лўҐаЄ  ¤ ­­ле Ќ“;ЃЌ“
ZR_1IM0010;ЋвзҐв.€­ўҐбвЁжЁ®­­лҐ § пўЄЁ. ЉаЁвҐаЁ;“€
ZR_1IM0013_2D;ЋвзҐв Ї® а ­¦Ёа®ў ­Ёо €Џђ ¤«п ’ѓЉ-1;“€
ZR_1IM0016;‚ле®¤­ п д®а¬  Ї бЇ®ав  Їа®ҐЄв ;“€
ZR_1MM0028;€­ўҐ­в аЁ§ жЁ®­­ п ®ЇЁбм €Ќ‚-3;ЃЌ“
ZR_1MM0050;?”®а¬Ёа®ў ­ЁҐ ѓЉЏ‡?;“‘Њ’ђ
ZR_1MM0051;‡ Јаг§Є  Ї« ­®ўле жҐ­;“‘Њ’ђ
ZR_1MM0054;Ђ­ «Ё§ § Є §®ў ­  Ї®бв ўЄг;“‘Њ’ђ
ZR_1MM0085_ZAKTOP;ЏаЁе®¤ вҐе­®«®ЈЁзҐбЄ®Ј® в®Ї«Ёў ;“‘Њ’ђ
ZR_1MM0093;ђҐҐбва ЇаЁе. ¤®Є. Ї® в®ў-¬ в. жҐ­­.;“‘Њ’ђ
ZR_1MM0094;ђҐҐбва а бе. ¤®Є. Ї® в®ў-¬ в. жҐ­­.;“‘Њ’ђ
ZR_1MM0100_MB52;‚Ґ¤®¬®бвм бЄ« ¤бЄЁе § Ї б®ў;“‘Њ’ђ
ZR_1MM0122;ђҐҐбва ЇҐаҐе®¤пйЁе ¤®Ј®ў®а®ў;“‘Њ’ђ
ZR_1MM0123;‘ў®¤­л© ®взҐв Ї® ЇҐаҐе®¤пйЁ¬ ¤®Ј®ў®а;“‘Њ’ђ
ZR_1MM0152;ЋвзҐв ЁбЇ®«м§®ў ­Ёп ’Њ–;“‘Њ’ђ
ZR_1MM0155_NEW;ЌҐ«ЁЄўЁ¤л;“‘Њ’ђ
ZR_1MM0159;Ђў аЁ©­л© Ё ­Ґб­Ё¦ Ґ¬л© § Ї б;“‘Њ’ђ
ZR_1MM0164_MAT;ЏҐз в­ п д®а¬   'Њ вҐаЁ «м­л© па«лЄ';“‘Њ’ђ
ZR_1MM0176;„®Ў ў«Ґ­ЁҐ Ї®§ЁжЁ© ў § Їа®б (ЇаҐ¤«);“‘Њ’ђ
ZR_1MM0185;ЋвзҐв Ї®  ­ «Ё§г § Ї б®ў/¤ўЁ¦. ¬ вҐа;“‘Њ’ђ
ZR_1PM0012;ЋвзҐв Ї® ЇҐаҐз­о ¬ вҐаЁ «®ў;’ЋЁђ
ZR_1PM0013;’а ­§ ЄжЁп ¤«п ®взҐв  PM0013;’ЋЁђ
ZR_1PM0023;”®а¬  ?Ќ ап¤-¤®ЇгбЄ?;’ЋЁђ
ZR_1PM0024;ЋвзҐв ?‘¬Ґ­­®Ґ § ¤ ­ЁҐ?;’ЋЁђ
ZR_1PM0025;‚лЈаг§Є  вҐе.Є ав ’ЋђЋ ў Excel;’ЋЁђ
ZR_1PM0029;‚Ґ¤®¬®бвм д ЄвЁзҐбЄ®Ј® гзҐв  ўаҐ¬Ґ­Ё;’ЋЁђ
ZR_1PM0060;Њ бб®ў п ®Ўа Ў®вЄ  Њ’ђ;’ЋЁђ
ZR_1PS0003;ђ биЁда®ўЄ  б «м¤® бз.08 Ї® Їа®ҐЄв ¬;“€
ZR_1PS0005;ЋвзҐв Ї® ЌЉ‘ / Ћ‘;“€
ZR_1SD0009_AKT;Њ бб®ў п ЇҐз вм  Єв®ў ®Ў ®Є §. гб«гЈ;“ЊЁ‘
ZR_1SD0025;Њ бб®ў п § Јаг§Є  ¤ ­­ле ЋђќЊ Ё ђђ;“ЊЁ‘
ZR_1SD0028;Ђ­ «Ё§ § Є §®ў;“ЊЁ‘
ZR_1SD0028O;Ђ­ «Ё§ в®аЈ®ўле ¤®Єг¬Ґ­в®ў;“ЊЁ‘
ZR_1SD0029;Ђ­ «Ё§ д Євга;“ЊЁ‘
ZR_1SD0030;Ђ­ «Ё§ Ї®бв ў®Є;“ЊЁ‘
ZR_1SD0070;‘®Їа-Ґ ЇЁбм¬  Ї® ¤®Ј®ў®а ¬ ЋђќЊ;“ЊЁ‘
ZR_1TE0017;€бЇа ў«Ґ­Ёп ”‘;NONE
ZR_4PM0001;ЋвзҐв ЏҐабЇҐЄвЁў­л© Ї« ­ аҐ¬®­в ;’ЋЁђ
ZR_4RM0003;ЋвзҐв ® б®бв®п­ЁЁ ¤®Ј®ў®а­. ¤ҐпвҐ«м­;‚„
ZR_4RM0004;Џа®е®¦¤Ґ­ЁҐ ¤®Ј. ў –Ћ Ё б®Ј«. Ї®¤а §;‚„
ZR_4RM0005;Џа®е®¦¤Ґ­ЁҐ ¤®Ј. ў бвагЄ. Ї®¤а §¤Ґ«Ґ;‚„
ZR_4RM0006;‘г¬¬. ¤®Ј®ў. Ї® Є®­ва. /­ Їа. § ва в;‚„
ZR_4RM0010;Џа®ўҐаЄЁ, Їа®ў®¤ Є®­ва®« Ё ­ ¤§®а ®а;‚„
ZR_MM0010_RASPR;ђ бЇаҐ¤Ґ«Ґ­ЁҐ Ї® ­ Їа. § ЄгЇЄЁ;“‘Њ’ђ
ZR_OPEN_CASE;#Ќ/„;Ѓ„
ZR_PMSQ0002;ЋвзҐв Ї® ¬ вҐаЁ « ¬ ¤«п ’ЋђЋ;’ЋЁђ
ZR_PMSQ0004;ЋвзҐв Ї® гб«гЈ ¬ ў § Є § е ’ЋђЋ;’ЋЁђ
ZREG_AVIZO;ђҐҐбва ЂўЁ§®;“”
ZREG_BDDS_CONTROL;ЋвзҐв Ї® ЁбЇ®«­Ґ­Ёо Ѓ„„‘;“”
ZREG_CLM7_TO_EXCEL;ЋЎйҐҐ Є®«ЁзҐбвў® ЁбЄ®ў;‚„
ZREG_CREA_REQ3;‘®§¤ ­ЁҐ § пў®Є ­  ®Ї« вг;“”
ZREG_FDM_COLL01;Љ®­ва®«м ¤ҐЎЁв®абЄ®© § ¤®«¦Ґ­­®бвЁ;“”
ZREG_HBKID;‘ЇЁб®Є Ў ­Є®ўбЄЁе бзҐв®ў;“”
ZREG_ISL6_1_TO_EXCEL;ђҐҐбва § ¤®«¦­.ў ®в­®иҐ­ЁЁ ¤®«¦­ЁЄ®ў;‚„
ZREG_ISL6_TO_EXCEL;ђҐҐбва ЁбЇ®«­ЁвҐ«м­ле «Ёбв®ў;‚„
ZREG_LAC_TO_EXCEL;€­д®а¬ жЁп ®Ў ®ЎйҐ¬ Є®«ЁзҐбвўҐ ЁбЄ®ў;‚„
ZREG_LAC2_TO_EXCEL;€­д®а¬ жЁп ® бг¤ҐЎ­®© а Ў®вҐ;‚„
ZREG_LAC3_TO_EXCEL;‘г¤ҐЎ­лҐ а §ЎЁа вҐ«мбвў  б ­ «®Ј®ўл¬;‚„
ZREG_LAC4_TO_EXCEL;€­д. ® Ї®бв. Ј®б. ®аЈ. ® ЇаЁ§­. ЋЎй.;‚„
ZREG_MASSPROC_PAY;Њ бб®ў п ®Ўа Ў®вЄ  ®Ї« в;“”
ZREG_REESTR_AGR;ђҐҐбва ¤®Ј®ў®а®ў;‚„
ZREG_REESTR_AGR_CHA;ђҐҐбва ¤®Ј®ў®а®ў Ё ¤®Ї. б®Ј« иҐ­Ё©;‚„
ZREG_REESTR_CBL;ђҐҐбва § пў®Є ­  Є®ааҐЄвЁа®ўЄг «Ё¬Ёв;“”
ZREG_REESTR_CHA_AGR;ђҐҐбва ¤®Ј®ў®а®ў Ё ¤®Ї. б®Ј« иҐ­Ё©;“”
ZREG_REESTR_COD;ђҐҐбва § зҐв®ў ў§ Ё¬­ле ваҐЎ®ў ­Ё©;“”
ZREG_REQ_LIST;ђҐҐбва § пў®Є ­  ®Ї« вг;“”
ZREG_REQ_PAS;ЋвзҐв Ї® Ї®§ЁжЁп¬ ‡ЌЋ;“”
ZREG_SD_CONTR_VIEW;‘ЇЁб®Є Є®­ва Єв®ў;‚„
ZREG_TSALDO;Ћбв вЄЁ Ї® а/бз;“”
ZREG_UPLOAD_REQ;‡ Јаг§Є  Є ав®зҐЄ ‡ЌЋ Ё§ Excel.;“”
ZREG_WF_MON;Њ®­Ёв®а б®Ј« б®ў ­Ё©;‚„
ZREG_WF_MON1;Њ®­Ёв®а б®Ј« б®ў ­Ё©;‚„
ZREG_WF_MON2;Њ®­Ёв®а ба®Є®ў б®Ј« б®ў ­Ёп ¤®Ј-®ў;‚„
ZREG_WF_MON3;‘аҐ¤­ҐҐ  аЁд¬ҐвЁзҐбЄ®Ґ ба®Є®ў б®Ј« б;‚„
ZREG_WF_MON4;Њ®­Ёв®а ба®Є®ў б®Ј« б®ў ­Ёп ¤®Ј®ў®а.;‚„
ZREP_DTKT_OGK;ЋвзҐв Ї® „ҐЎЁв®а ¬ Ё ЉаҐ¤Ёв®а ¬ ЋѓЉ;ЃЌ“
ZREP_DTKT_OGK_NEW;ЋвзҐв Ї® „ҐЎЁв®а ¬ Ё ЉаҐ¤Ёв®а ¬ 2015;ЃЌ“
;;
;;
;;
;;
;;
;;
;;
;;
;;
;;
;;
;;
;;
;;
;;
;;
;;
;;
;;
;;
;;
;;
;;
;;
;;
;;
;;
;;
;;
;;
;;
;;
;;
;;
;;
;;
;;
;;
;;
;;
;;
;;
;;
;;
;;
;;
;;
;;
;;
;;
;;
;;
;;
;;
;;
;;
;;
;;
;;
;;
;;
;;
;;
;;
;;
;;
;;
;;
;;
;;
;;
;;
;;
;;
;#Ќ/„;
